service_scope,year,pos,sc_no,po_no,contract_type,status,vendor,description,net_gr,gr_vat,con_val,open_po,po_amt,sc_amt,category,req_raw,cost_center,req_date,conf_no,con_date,conf_from,conf_to,pay_freq,purchaser,supplier,asset,remark,asset_num,record_type,action,problem,auto_fix,sc_import_error,po_import_error,gr_import_error
engineering Service,,112,,7600051926,FC,PO Approved,"Porsche Engineering Co., Ltd.",C/EG Vehicle software refresh and debug__FC 2.0,,,,,86937327.09,,,"Sun, Jialing",,,,,2026-03-11 00:00:00,2028-12-31 00:00:00,,,,,,,PO Approved,Imported,,,,,
engineering Service,,111,,7600051284,FC,PO Approved,Segula Technologies Wuhan Co.Ltd,Mechanics__FC 2.0,,,,,26882838.4,,,"Sun, Jialing",,,,,2025-12-31 00:00:00,2028-12-31 00:00:00,,,,,,,PO Approved,Imported,,,,,
engineering Service,,9,,7600051119,FC,PO Approved,"Zynit China Co., Ltd",Synergy project Extension,,,,,5301104.43,,,"Sun, Jialing",,,,,2025-12-01 00:00:00,2026-11-30 00:00:00,,"Bai, Xue",,N,,,PO Approved,Imported,,,,,
engineering Service,,97,,7600052179,FC,PO Approved,"Akkodis Beijing Co., Ltd.",Logistic__FC 2.0,,,,,815405,,,"Sun, Jialing",,,,,2026-06-01 00:00:00,2028-12-31 00:00:00,,,,,,,PO Approved,Imported,,,,,
engineering Service,,128,,7600052906,FC,PO Approved,Segula Technologies Wuhan Co.Ltd,Business trip of Segula_FC 2.0,,,,,346143,,,"Sun, Jialing",,,,,2026-06-18 00:00:00,2028-12-31 00:00:00,,Yao Ying,,,,,PO Approved,Imported,,,,,
engineering Service,,129,,7600052909,FC,PO Approved,"Porsche Engineering Co., Ltd.",Business trip of Porsche_FC 2.0,,,,,1140030,,,"Sun, Jialing",,,,,2026-06-18 00:00:00,2028-12-31 00:00:00,,Yao Ying,,,,,PO Approved,Imported,,,,,
Test car rental,,,,7300063480,PO under FC,PO Approved,"BeijingJinTianShunDaBusinessServiceCo.,Ltd",Competitor Car rental-2025 rest,,,,6993231,6993231,,"Ye, Xiaorui","Ye, Xiaorui",60473000,,,,,2025-12-31 00:00:00,,"Zhang, Te",,,,,PO Approved,Imported,,,,,
Test car rental,,,,7600050855,FC,PO Approved,"BeijingJinTianShunDaBusinessServiceCo.,Ltd",Competitor Car rental-2026-2028,,,,,27957782,,"Ye, Xiaorui","Ye, Xiaorui",60473000,,,,2026-01-01 00:00:00,2028-12-31 00:00:00,,"Yao, Ying",,,,,PO Approved,Imported,,,,,
Testing support,,,,7600051497,FC,PO Approved,ShanghaiZhongchengAutomotive,FC Whole Vehicle road test,,,,,1836450.64,,,"Ye, Xiaorui",60473000,,,,2026-02-05 00:00:00,2027-02-04 00:00:00,,"Bai, Xue",,,,,PO Approved,Imported,,,,,
Import&Export&cusoms clearance,,14,1010966046,7300050951,PO under FC,PO Approved,"Beijing Motivation Infinity International Logistics Co.,Ltd",Import &Export service for 2024 and 2025,,,,14373774.9,14373774.9,14373774.9,Import&Export,Zhou Liwei,60473000,2023-10-31 00:00:00,,,2024-01-01 00:00:00,2027.12.31,Quarterly,"Sun, Feimeng",,N,#REF!,,PO Approved,Imported,,,,,
Import&Export&cusoms clearance,2024,,1010966046,7300050951,,GR Partially triggered,"Beijing Motivation Infinity International Logistics Co.,Ltd",Import &Export service_Q1 2024,1113604.45,1180420.72,1125493.7,,,,Import&Export,Zhou Liwei,60473000,2024-06-20 00:00:00,5004732642,2024-06-20 00:00:00,,,,,,,#REF!,,GR Partially triggered,error,,,,,PO PO-V2SE7PP-20260708-010 not found
Import&Export&cusoms clearance,2024,,1010966046,7300050951,,GR Partially triggered,"Beijing Motivation Infinity International Logistics Co.,Ltd",Import &Export service_Q2 2024 FC,688205.04,729497.34,691568.42,,,,Import&Export,Zhou Liwei,60473000,2024-09-10 00:00:00,5004829617,2024-09-10 00:00:00,,,,,,,#REF!,,GR Partially triggered,error,,,,,PO PO-V2SE7PP-20260708-010 not found
Import&Export&cusoms clearance,2024,,1010966046,7300050951,,GR Partially triggered,"Beijing Motivation Infinity International Logistics Co.,Ltd",Import &Export service_Q3 2024 FC,1211667.48,1283466.53,1220414.85,,,,,Zhou Liwei,60473000,2024-11-29 00:00:00,5004917761,2024-11-29 00:00:00,,,,,,,#REF!,,GR Partially triggered,error,,,,,PO PO-V2SE7PP-20260708-010 not found
Import&Export&cusoms clearance,2024,,1010966046,7300050951,,GR Partially triggered,"Beijing Motivation Infinity International Logistics Co.,Ltd",Import &Export service_Q4 part 1,374634.41,397112.47,406804.95,,,,,Zhou Liwei,60473000,2024-12-11 00:00:00,5004935540,2024-12-11 00:00:00,,,,,,,,,GR Partially triggered,error,,,,,PO PO-V2SE7PP-20260708-010 not found
Import&Export&cusoms clearance,2024_Provision,,1010966046,7300050951,,GR Partially triggered,"Beijing Motivation Infinity International Logistics Co.,Ltd",test car import/export_Q4 part2_Provision,636471.9,674660.21,637327.76,,,,,Zhou Liwei,60473000,2024-03-14 00:00:00,5005025189,2024-03-14 00:00:00,,,,,,,#REF!,,GR Partially triggered,error,,,,,PO PO-V2SE7PP-20260708-010 not found
Import&Export&cusoms clearance,2025,,1010966046,7300050951,,GR Partially triggered,"Beijing Motivation Infinity International Logistics Co.,Ltd",BMI test car import/export——Q1 2025,809207.78,857760.25,867850.56,,,,,Zhou Liwei,60473000,2025-05-22 00:00:00,5005092387,2025-05-22 00:00:00,,,,,,,,,GR Partially triggered,error,,,,,PO PO-V2SE7PP-20260708-010 not found
Import&Export&cusoms clearance,2025,,1010966046,7300050951,,GR Partially triggered,"Beijing Motivation Infinity International Logistics Co.,Ltd",BMI test car import/export——Q2 2025,880455.04,933282.34,935651.39,,,,,Zhou Liwei,60473000,2025-09-12 00:00:00,5005195624,2025-09-12 00:00:00,,,,,,,,,GR Partially triggered,error,,,,,PO PO-V2SE7PP-20260708-010 not found
Import&Export&cusoms clearance,2025,,1010966046,7300050951,,GR Partially triggered,"Beijing Motivation Infinity International Logistics Co.,Ltd",BMI test car import/export——Q3 2025,1232534.08,1305224.81,1315336.01,,,,,Zhou Liwei,60473000,2025-11-05 00:00:00,5005247300,2025-11-05 00:00:00,,,,,,,,,GR Partially triggered,error,,,,,PO PO-V2SE7PP-20260708-010 not found
Import&Export&cusoms clearance,,,1010966046,7300050951,,GR Partially triggered,"Beijing Motivation Infinity International Logistics Co.,Ltd",BMI test car import/export—2025 10-11,796934.8,844750.89,800049.74,,,,,Zhou Liwei,60473000,2025-12-15 00:00:00,5005298167,2025-12-15 00:00:00,,,,,,,,,GR Partially triggered,error,,,,,PO PO-V2SE7PP-20260708-010 not found
Import&Export&cusoms clearance,,,1010966046,7300050951,,GR Partially triggered,"Beijing Motivation Infinity International Logistics Co.,Ltd",BMI test car import/export—2025 12,104829,111118.74,108481.32,,,,,Zhou Liwei,60473000,2026-02-12 00:00:00,5005346430,2026-02-12 00:00:00,,,,,,,,,GR Partially triggered,error,,,,,PO PO-V2SE7PP-20260708-010 not found
Parts,,34,1010998908,7300050814,Contract,PO Approved,上海圆迈贸易有限公司,EGW_Maintenance Repair Tools 2023-2025,,,,1431962.3,1431962.3,3202469.361,Parts,"Su, Tong",60473000,2023-11-09 00:00:00,,,2025-09-10 00:00:00,2026-09-09 00:00:00,Monthly,"Song, Binglun",,N,#REF!,,PO Approved,Imported,,,,,
Parts,2024,,1010998908,7300050814,,GR Partially triggered,上海圆迈贸易有限公司,EGW_Maintenance Repair Tools,544.15,614.89,1431.96,,,,,"Su, Tong",60473000,2024-06-09 00:00:00,5004826587,2024-06-09 00:00:00,2025-09-10 00:00:00,2026-09-09 00:00:00,Monthly,"Song, Binglun",,,#REF!,,GR Partially triggered,error,,,,,PO PO-V2SE7PP-20260708-011 not found
Parts,2024,,1010998908,7300050814,,GR Partially triggered,上海圆迈贸易有限公司,EGW_Maintenance Repair Tools,509.4,575.62,1431.96,,,,,"Su, Tong",60473000,2024-09-25 00:00:00,5004844460,2024-09-25 00:00:00,2025-09-10 00:00:00,2026-09-09 00:00:00,Monthly,"Song, Binglun",,,#REF!,,GR Partially triggered,error,,,,,PO PO-V2SE7PP-20260708-011 not found
Parts,2024,,1010998908,7300050814,,GR Partially triggered,上海圆迈贸易有限公司,EGW_Maintenance Repair Tools,31824.69,35961.9,37231.02,,,,,"Su, Tong",60473000,2024-11-11 00:00:00,5004893259,2024-11-11 00:00:00,2025-09-10 00:00:00,2026-09-09 00:00:00,Monthly,"Song, Binglun",,,#REF!,,GR Partially triggered,error,,,,,PO PO-V2SE7PP-20260708-011 not found
Parts,2024,,1010998908,7300050814,,GR Partially triggered,上海圆迈贸易有限公司,EGW_Maintenance Repair Tools_Nov.,113944.27,128757.03,128876.61,,,,,"Su, Tong",60473000,2024-11-19 00:00:00,5004903413,2024-11-19 00:00:00,2025-09-10 00:00:00,2026-09-09 00:00:00,Monthly,"Song, Binglun",,,#REF!,,GR Partially triggered,error,,,,,PO PO-V2SE7PP-20260708-011 not found
Parts,2024,,1010998908,7300050814,,GR Partially triggered,上海圆迈贸易有限公司,EGW_Maintenance Repair Tools_Nov. part2,10083.05,11393.85,11455.7,,,,,"Su, Tong",60473000,2024-12-11 00:00:00,5004935223,2024-12-11 00:00:00,2025-09-10 00:00:00,2026-09-09 00:00:00,Monthly,"Song, Binglun",,,#REF!,,GR Partially triggered,error,,,,,PO PO-V2SE7PP-20260708-011 not found
Parts,2025,,1010998908,7300050814,,GR Partially triggered,上海圆迈贸易有限公司,EGW_Maintenance Repair Tools Jan 2025,84338.96,95303.02,95941.47,,,,,"Su, Tong",60473000,2025-02-21 00:00:00,5005004700,2025-02-21 00:00:00,2025-09-10 00:00:00,2026-09-09 00:00:00,Monthly,"Song, Binglun",,,,,GR Partially triggered,error,,,,,PO PO-V2SE7PP-20260708-011 not found
Parts,2025,,1010998908,7300050814,,GR Partially triggered,上海圆迈贸易有限公司,EGW_Maintenance Repair Tools Jan_Part2 2025,5895.672566371682,6662.11,7159.81,,,,,"Su, Tong",60473000,2025-04-22 00:00:00,5005062571,2025-04-22 00:00:00,2025-09-10 00:00:00,2026-09-09 00:00:00,Monthly,"Song, Binglun",,,,,GR Partially triggered,error,,,,,PO PO-V2SE7PP-20260708-011 not found
Parts,2025,,1010998908,7300050814,,GR Partially triggered,上海圆迈贸易有限公司,EGW_Maintenance Repair Tools Feb. 2025,11102.5,12545.83,12887.66,,,,,"Su, Tong",60473000,2025-04-22 00:00:00,5005062588,2025-04-22 00:00:00,2025-09-10 00:00:00,2026-09-09 00:00:00,Monthly,"Song, Binglun",,,,,GR Partially triggered,error,,,,,PO PO-V2SE7PP-20260708-011 not found
Parts,2025,,1010998908,7300050814,,GR Partially triggered,上海圆迈贸易有限公司,EGW_Maintenance Repair Tools May 2025,5538.94,6259,7159.81,,,,,"Su, Tong",60473000,2025-07-13 00:00:00,5005149925,2025-07-13 00:00:00,2025-09-10 00:00:00,2026-09-09 00:00:00,Monthly,"Song, Binglun",,,,,GR Partially triggered,error,,,,,PO PO-V2SE7PP-20260708-011 not found
Parts,2025,,1010998908,7300050814,,GR Partially triggered,上海圆迈贸易有限公司,EGW_Maintenance Repair Tools Aug 2025,15166.85,17138.54,17183.55,,,,,"Su, Tong",60473000,2025-09-19 00:00:00,5005202461,2025-09-19 00:00:00,2025-09-10 00:00:00,2026-09-09 00:00:00,Monthly,"Song, Binglun",,,,,GR Partially triggered,error,,,,,PO PO-V2SE7PP-20260708-011 not found
Parts,2025,,1010998908,7300050814,,GR Partially triggered,上海圆迈贸易有限公司,EGW_Maintenance Repair Tools _July 2025,6361.82,7188.86,8591.77,,,,,"Su, Tong",60473000,2025-09-25 00:00:00,5005208635,2025-09-25 00:00:00,2025-09-10 00:00:00,2026-09-09 00:00:00,Monthly,"Song, Binglun",,,,,GR Partially triggered,error,,,,,PO PO-V2SE7PP-20260708-011 not found
Parts,2025,,1010998908,7300050814,,GR Partially triggered,上海圆迈贸易有限公司,EGW_Maintenance Repair Tools_2025.09.03-2025.10.02,18796.57,21240.12,21479.43,,,,,"Su, Tong",60473000,2025-10-23 00:00:00,5005235379,2025-10-23 00:00:00,2025-09-10 00:00:00,2026-09-09 00:00:00,Monthly,"Song, Binglun",,N,,,GR Partially triggered,error,,,,,PO PO-V2SE7PP-20260708-011 not found
Parts,2026,,1010998908,7300050814,,GR Partially triggered,上海圆迈贸易有限公司,EGW_Maintenance Repair Tools_2025.10.03-2025.11.02,2117.18,2392.42,2863.92,,,,,"Su, Tong",60473000,2025-11-26 00:00:00,5005273858,2025-11-26 00:00:00,2025-09-10 00:00:00,2026-09-09 00:00:00,Monthly,"Song, Binglun",,N,,,GR Partially triggered,error,,,,,PO PO-V2SE7PP-20260708-011 not found
Parts,2026,,1010998908,7300050814,,Cancellation,上海圆迈贸易有限公司,EGW_Maintenance Repair Tools_2025.11.03-2026.1.02,-31216.3,-35274.43,-35799.06,,,,,"Su, Tong",60473000,2026-02-05 00:00:00,5005338766,2026-02-05 00:00:00,2025-09-10 00:00:00,2026-09-09 00:00:00,Monthly,"Song, Binglun",,N,,,Cancellation,error,,,,,PO PO-V2SE7PP-20260708-011 not found
Parts,2026,,1010998908,7300050814,,Cancellation,上海圆迈贸易有限公司,EGW_Maintenance Repair Tools_confirmation 5004844460 GR 5000131079,-1431.96,-1431.96,-1431.96,,,,,"Su, Tong",60473000,2026-02-28 00:00:00,5005362040,2026-02-28 00:00:00,2025-09-10 00:00:00,2026-09-09 00:00:00,Monthly,"Song, Binglun",,N,,,Cancellation,error,,,,,PO PO-V2SE7PP-20260708-011 not found
Parts,2026,,1010998908,7300050814,,GR Partially triggered,上海圆迈贸易有限公司,EGW_Maintenance Repair Tools23.09.2025-30.03.2026,33689.93,38069.62,38662.98,,,,,"Su, Tong",60473000,2026-06-29 00:00:00,5005478166,2026-06-29 00:00:00,2025-09-10 00:00:00,2026-09-09 00:00:00,monthly,"Song, Binglun",,N,,,GR Partially triggered,error,,,,,PO PO-V2SE7PP-20260708-011 not found
Maintenance&Calibration,,124,1011106627,7300050963,PO,PO Approved,北京市计量检测科学研究院,Tool and equipment calibration,,,,50900,50900,50900,Etc.,Zhang Jufeng,60473000,2023-12-11 00:00:00,,,2023-12-19 00:00:00,2026-08-30 00:00:00,,,,N,#REF!,,PO Approved,Imported,,,,,
Maintenance&Calibration,2024,,1011106627,7300050963,,GR Partially triggered,北京市计量检测科学研究院,Equipment calibration 01.03.24-31.03.24,18256.880733944952,19900,19901.9,,,,,Zhang Jufeng,60473000,2024-04-07 00:00:00,5004672598,2024-04-07 00:00:00,,,,,,,#REF!,,GR Partially triggered,error,,,,,PO PO-V2SE7PP-20260708-012 not found
Maintenance&Calibration,2024,,1011106627,7300050963,,GR Partially triggered,北京市计量检测科学研究院,Tool and equipment calibration_July,8490.566037735849,9000,9009.3,,,,,Zhang Jufeng,60473000,2024-07-19 00:00:00,5004781841,2024-07-19 00:00:00,,,,,,,#REF!,,GR Partially triggered,error,,,,,PO PO-V2SE7PP-20260708-012 not found
Maintenance&Calibration,2024,,1011106627,7300050963,,GR Partially triggered,北京市计量检测科学研究院,Tool and equipment calibration_Oct.-Nov.,940,1000,1018,,,,,Zhang Jufeng,60473000,2024-11-04 00:00:00,5004885678,2024-11-04 00:00:00,,,,,,,#REF!,,GR Partially triggered,error,,,,,PO PO-V2SE7PP-20260708-012 not found
Maintenance&Calibration,2025,,1011106627,7300050963,,GR Partially triggered,北京市计量检测科学研究院,Tool and equipment calibration_3.15-4.15,4230,4500,4530.1,,,,,Zhang Jufeng,60473000,2024-04-23 00:00:00,5005064185,2024-04-23 00:00:00,,,,,,,#REF!,,GR Partially triggered,error,,,,,PO PO-V2SE7PP-20260708-012 not found
Maintenance&Calibration,2025,,1011106627,7300050963,,GR Partially triggered,北京市计量检测科学研究院,Tool and equipment calibration——8.1-9.30,7169.811320754717,7600,7635,,,,,Zhang Jufeng,60473000,2024-09-16 00:00:00,5005198196,2024-09-16 00:00:00,,,,,,,,,GR Partially triggered,error,,,,,PO PO-V2SE7PP-20260708-012 not found
Maintenance&Calibration,2026,,1011106627,7300050963,,GR Partially triggered,北京市计量检测科学研究院,Tool and equipment calibration,660.377358490566,700,712.6,,,,,Zhang Jufeng,60473000,2026-06-10 00:00:00,5005455476,2026-06-10 00:00:00,,,,,,,,,GR Partially triggered,error,,,,,PO PO-V2SE7PP-20260708-012 not found
General Service,,44,1011218432,7300052100,PO,PO Approved,"Beijing Jin Rui Chi  Car  Service Co.,Ltd",Car & workshop floor cleaning 01.07.24-30.06.26,,,,179606.4,179606.4,179606.4,Etc.,Zhou Liwei,60473000,2024-01-23 00:00:00,,,2024-02-05 00:00:00,2026.13.31,N/A,"Song, Binglun",,N,#REF!,,PO Approved,Imported,,,,,
General Service,2024,,1011218432,7300052100,,GR Partially triggered,"Beijing Jin Rui Chi  Car  Service Co.,Ltd",car wash service_2024.7.1-2024.12.31,42360,44901.6,44901.6,,,,,Zhou Liwei,60473000,2024-11-13 00:00:00,5004896630,2024-11-13 00:00:00,,,,,,,,,GR Partially triggered,error,,,,,PO PO-V2SE7PP-20260708-013 not found
General Service,2025,,1011218432,7300052100,,GR Partially triggered,"Beijing Jin Rui Chi  Car  Service Co.,Ltd",Car wash service 2025.01.01-2025.06.30,42360,44901.6,44901.6,,,,,Zhou Liwei,60473000,2025-07-23 00:00:00,5005149896,2025-07-23 00:00:00,,,,,,,,,GR Partially triggered,error,,,,,PO PO-V2SE7PP-20260708-013 not found
General Service,,,1011218432,7300052100,,GR Partially triggered,"Beijing Jin Rui Chi  Car  Service Co.,Ltd",Car wash service 2025.07.01-2025.12.31,42360,44901.6,44901.6,,,,,Zhou Liwei,60473000,2025-12-09 00:00:00,5005289107,2025-12-09 00:00:00,,,,,,,,,GR Partially triggered,error,,,,,PO PO-V2SE7PP-20260708-013 not found
Transportation,,49,1011257210,7300052626,PO,PO Approved,Beijing Yilu Pingan Automobile Rescue service co.. Ltd.,Trailer inner city-Outside of BJ 01.07.24-30.06.26,,,,175954.44,175954.44,214120,Logistics,Zhou Liwei,60473000,2024-02-04 00:00:00,,,2024-06-06 00:00:00,2026.6.30,Quarterly,"Sun, Feimeng",,N,#REF!,,PO Approved,Imported,,,,,
Transportation,2024,,1011257210,7300052626,,GR Partially triggered,Beijing Yilu Pingan Automobile Rescue service co.. Ltd.,Trailer inner city outside of BJ_Oct.2024,6735,7245.1,7258.12,,,,,Zhou Liwei,60473000,2024-11-29 00:00:00,5004918126,2024-11-29 00:00:00,,,,,,,#REF!,,GR Partially triggered,error,,,,,PO PO-V2SE7PP-20260708-014 not found
Transportation,2024,,1011257210,7300052626,,GR Partially triggered,Beijing Yilu Pingan Automobile Rescue service co.. Ltd.,Trailer inner city outside of BJ_Nov.2024,14878.5,15771.21,15791.91,,,,,Zhou Liwei,60473000,2024-12-10 00:00:00,5004932653,2024-12-10 00:00:00,,,,,,,#REF!,,GR Partially triggered,error,,,,,PO PO-V2SE7PP-20260708-014 not found
Transportation,2024_Provision,,1011257210,7300052626,,GR Partially triggered,Beijing Yilu Pingan Automobile Rescue service co.. Ltd.,Trailer inner city outside of BJ_Dec.2024_Provision,17756.5,18821.89,18827.13,,,,,Zhou Liwei,60473000,2025-02-27 00:00:00,5005010218,2025-02-27 00:00:00,,,,,,,,,GR Partially triggered,error,,,,,PO PO-V2SE7PP-20260708-014 not found
Transportation,2025,,1011257210,7300052626,,GR Partially triggered,Beijing Yilu Pingan Automobile Rescue service co.. Ltd.,Inner city logistic outside BJ_Q1 2025,27682.5,29343.45,29384.39,,,,,Zhou Liwei,60473000,2025-04-22 00:00:00,5005062450,2025-04-22 00:00:00,,,,,,,,,GR Partially triggered,error,,,,,PO PO-V2SE7PP-20260708-014 not found
Transportation,2025,,1011257210,7300052626,,GR Partially triggered,Beijing Yilu Pingan Automobile Rescue service co.. Ltd.,Inner city logistic-outside BJ_Q2 part1,16320,17299.2,17331.51,,,,,Zhou Liwei,60473000,2025-07-24 00:00:00,5005151753,2025-07-24 00:00:00,,,,,,,,,GR Partially triggered,error,,,,,PO PO-V2SE7PP-20260708-014 not found
Transportation,2025,,1011257210,7300052626,,GR Partially triggered,Beijing Yilu Pingan Automobile Rescue service co.. Ltd.,Inner city logistic-outside BJ_Q3_part 1,51524,54615.44,41261.32,,,,,Zhou Liwei,60473000,2025-11-05 00:00:00,5005247416,2025-11-05 00:00:00,,,,,,,,,GR Partially triggered,error,,,,,PO PO-V2SE7PP-20260708-014 not found
Transportation,2025,,1011257210,7300052626,,GR Partially triggered,Beijing Yilu Pingan Automobile Rescue service co.. Ltd.,Inner city logistic-outside BJ_Q3_part 2,0,0,13372.54,,,,,Zhou Liwei,60473000,2025-11-05 00:00:00,5005247445,2025-11-05 00:00:00,,,,,,,,,GR Partially triggered,error,,,,,PO PO-V2SE7PP-20260708-014 not found
Transportation,2025,,1011257210,7300052626,,GR Partially triggered,Beijing Yilu Pingan Automobile Rescue service co.. Ltd.,Inner city logistic-outside BJ_Q3_2025 10-11,14799,15686.64,15703.93,,,,,Zhou Liwei,60473000,2025-12-17 00:00:00,5005301774,2025-12-17 00:00:00,,,,,,,,,GR Partially triggered,error,,,,,PO PO-V2SE7PP-20260708-014 not found
Transportation,2025,,1011257210,7300052626,,GR Partially triggered,Beijing Yilu Pingan Automobile Rescue service co.. Ltd.,Inner city logistic-outside BJ_2025 12,8687.5,9208.75,9237.61,,,,,Zhou Liwei,60473000,2026-03-19 00:00:00,5005381388,2026-03-19 00:00:00,,,,,,,,,GR Partially triggered,error,,,,,PO PO-V2SE7PP-20260708-014 not found
Transportation,2026,,1011257210,7300052626,,GR Partially triggered,Beijing Yilu Pingan Automobile Rescue service co.. Ltd.,Inner city logistic-outside BJ_2026 01,,,6158.41,,,,,Zhou Liwei,60473000,2026-05-21 00:00:00,5005441936,2026-05-21 00:00:00,,,,,,,,,GR Partially triggered,error,,,,,PO PO-V2SE7PP-20260708-014 not found
Transportation,2026,,1011257210,7300052626,,Finish,Beijing Yilu Pingan Automobile Rescue service co.. Ltd.,Inner city logistic-outside BJ_2026 03,1990,2109.4,2111.45,,,,,Zhou Liwei,60473000,2026-06-12 00:00:00,5005462583,2026-06-12 00:00:00,,,,,,,,,Finish,error,,,,,PO PO-V2SE7PP-20260708-014 not found
engineering Service,,50,1011340907,7300053497,Contract,PO Approved,TeamOne(Beijing)EngineeringandConsultingLtd.,Extension TeamOne contract 2 years,,,,1643000,1643000,1643000,Consultant,"Sun, Jialing",60473000,2024-03-04 00:00:00,,,2024-08-11 00:00:00,2026-08-10 00:00:00,N/A,"Shi, Yingying",,N,#REF!,,PO Approved,Imported,,,,,
engineering Service,2024,,1011340907,7300053497,,GR Partially triggered,TeamOne(Beijing)EngineeringandConsultingLtd.,Workshop support service_01.12.24-15.12.24,,,20150,,,,,"Sun, Jialing",60473000,2024-12-17 00:00:00,5004945882,2024-12-17 00:00:00,,,,,,,#REF!,,GR Partially triggered,error,,,,,PO PO-V2SE7PP-20260708-015 not found
engineering Service,2024_Provision,,1011340907,7300053497,,GR Partially triggered,TeamOne(Beijing)EngineeringandConsultingLtd.,Workshop support service_16.12.2024-31.12.2024_Provision,27125,28752.5,27125,,,,,"Sun, Jialing",60473000,2025-02-13 00:00:00,5004996097,2025-02-13 00:00:00,,,,,,,#REF!,,GR Partially triggered,error,,,,,PO PO-V2SE7PP-20260708-015 not found
engineering Service,2025,,1011340907,7300053497,,GR Partially triggered,TeamOne(Beijing)EngineeringandConsultingLtd.,Workshop support service for Jan. 2025,58900,62434,58900,,,,,"Sun, Jialing",60473000,2025-02-13 00:00:00,5004996150,2025-02-13 00:00:00,,,,,,,#REF!,,GR Partially triggered,error,,,,,PO PO-V2SE7PP-20260708-015 not found
engineering Service,2025,,1011340907,7300053497,,GR Partially triggered,TeamOne(Beijing)EngineeringandConsultingLtd.,Workshop support service for Feb. 2025,49600,52576,49600,,,,,"Sun, Jialing",60473000,2025-03-21 00:00:00,5005032561,2025-03-21 00:00:00,,,,,,,#REF!,,GR Partially triggered,error,,,,,PO PO-V2SE7PP-20260708-015 not found
engineering Service,2025,,1011340907,7300053497,,GR Partially triggered,TeamOne(Beijing)EngineeringandConsultingLtd.,Workshop support service for Mar. 2025,65100,69006,65100,,,,,"Sun, Jialing",60473000,2025-04-30 00:00:00,5005071098,2025-04-30 00:00:00,,,,,,,#REF!,,GR Partially triggered,error,,,,,PO PO-V2SE7PP-20260708-015 not found
engineering Service,2025,,1011340907,7300053497,,GR Partially triggered,TeamOne(Beijing)EngineeringandConsultingLtd.,Workshop support service for Apr. 2025,61225,64898.5,61225,,,,,"Sun, Jialing",60473000,2025-07-02 00:00:00,5005131625,2025-07-02 00:00:00,,,,,,,#REF!,,GR Partially triggered,error,,,,,PO PO-V2SE7PP-20260708-015 not found
engineering Service,2025,,1011340907,7300053497,,GR Partially triggered,TeamOne(Beijing)EngineeringandConsultingLtd.,Workshop support service for May 2025,58900,62434,58900,,,,,"Sun, Jialing",60473000,2025-07-17 00:00:00,5005145810,2025-07-17 00:00:00,,,,,,,#REF!,,GR Partially triggered,error,,,,,PO PO-V2SE7PP-20260708-015 not found
engineering Service,2025,,1011340907,7300053497,,GR Partially triggered,TeamOne(Beijing)EngineeringandConsultingLtd.,Workshop support service for July 2025,68975,73113.5,68975,,,,,"Sun, Jialing",60473000,2025-08-20 00:00:00,5005173912,2025-08-20 00:00:00,,,,,,,#REF!,,GR Partially triggered,error,,,,,PO PO-V2SE7PP-20260708-015 not found
engineering Service,2025,,1011340907,7300053497,,GR Partially triggered,TeamOne(Beijing)EngineeringandConsultingLtd.,Workshop support service for June 2025,62000,65720,62000,,,,,"Sun, Jialing",60473000,2025-08-20 00:00:00,5005173943,2025-08-20 00:00:00,,,,,,,,,GR Partially triggered,error,,,,,PO PO-V2SE7PP-20260708-015 not found
engineering Service,2025,,1011340907,7300053497,,GR Partially triggered,TeamOne(Beijing)EngineeringandConsultingLtd.,Workshop support service for Aug. 2025,63550,67363,63550,,,,,"Sun, Jialing",60473000,2025-10-29 00:00:00,5005241059,2025-10-29 00:00:00,,,,,,,,,GR Partially triggered,error,,,,,PO PO-V2SE7PP-20260708-015 not found
engineering Service,2025,,1011340907,7300053497,,GR Partially triggered,TeamOne(Beijing)EngineeringandConsultingLtd.,Workshop support service for Sep. 2025,68200,72292,68200,,,,,"Sun, Jialing",60473000,2025-10-30 00:00:00,5005241883,2025-10-30 00:00:00,,,,,,,,,GR Partially triggered,error,,,,,PO PO-V2SE7PP-20260708-015 not found
engineering Service,2025,,1011340907,7300053497,,GR Partially triggered,TeamOne(Beijing)EngineeringandConsultingLtd.,Workshop support service Nov. 2025,62000,65720,62000,,,,,"Sun, Jialing",60473000,2025-12-09 00:00:00,5005289208,2025-12-09 00:00:00,,,,,,,,,GR Partially triggered,error,,,,,PO PO-V2SE7PP-20260708-015 not found
engineering Service,2025,,1011340907,7300053497,,GR Partially triggered,TeamOne(Beijing)EngineeringandConsultingLtd.,Workshop support service Oct. 2025,44175,46825.5,44175,,,,,"Sun, Jialing",60473000,2025-11-21 00:00:00,5005267713,2025-11-21 00:00:00,,,,,,,#REF!,,GR Partially triggered,error,,,,,PO PO-V2SE7PP-20260708-015 not found
engineering Service,2025,,1011340907,7300053497,,GR Partially triggered,TeamOne(Beijing)EngineeringandConsultingLtd.,Workshop support service Dec. 2025,65100,69006,65100,,,,,"Sun, Jialing",60473000,2026-01-21 00:00:00,5005323826,2026-01-21 00:00:00,,,,,,,#REF!,,GR Partially triggered,error,,,,,PO PO-V2SE7PP-20260708-015 not found
engineering Service,2026,,1011340907,7300053497,,GR Partially triggered,TeamOne(Beijing)EngineeringandConsultingLtd.,Workshop support service Jan. 2026,57350,60791,57350,,,,,"Sun, Jialing",60473000,2026-02-28 00:00:00,5005362038,2026-02-28 00:00:00,,,,,,,,,GR Partially triggered,error,,,,,PO PO-V2SE7PP-20260708-015 not found
engineering Service,2026,,1011340907,7300053497,,GR Partially triggered,TeamOne(Beijing)EngineeringandConsultingLtd.,Workshop support service Feb. 2026,46500,49290,46500,,,,,"Sun, Jialing",60473000,2026-03-13 00:00:00,5005375936,2026-03-13 00:00:00,,,,,,,,,GR Partially triggered,error,,,,,PO PO-V2SE7PP-20260708-015 not found
engineering Service,2026,,1011340907,7300053497,,GR Partially triggered,TeamOne(Beijing)EngineeringandConsultingLtd.,Workshop support service Mar. 2026,66650,70649,66650,,,,,"Sun, Jialing",60473000,2026-05-06 00:00:00,5005425315,2026-05-06 00:00:00,,,,,,,,,GR Partially triggered,error,,,,,PO PO-V2SE7PP-20260708-015 not found
engineering Service,2026,,1011340907,7300053497,,GR Partially triggered,TeamOne(Beijing)EngineeringandConsultingLtd.,Workshop support service Apr. 2026,65100,,65100,,,,,"Sun, Jialing",60473000,2026-06-10 00:00:00,5005445633,2026-06-10 00:00:00,,,,,,,,,GR Partially triggered,error,,,,,PO PO-V2SE7PP-20260708-015 not found
Transportation,,53,1011381813,7300054360,PO,PO Approved,Beijing Yilu Pingan Automobile Rescue service co.. Ltd.,Inner city charter trailer 01.07.24-30.06.26,,,,155092.92,155092.92,188742,Logistics,Zhou Liwei,60473000,2024-03-18 00:00:00,,,2024-06-05 00:00:00,2026.6.30,Quarterly,"Sun, Feimeng",,,#REF!,,PO Approved,Imported,,,,,
Transportation,2025,,1011381813,7300054360,,GR Partially triggered,Beijing Yilu Pingan Automobile Rescue service co.. Ltd.,Inner city charter trailer Q1 2025,2000,2120,2171.23,,,,,Zhou Liwei,60473000,2024-04-18 00:00:00,5005061390,2024-04-18 00:00:00,,,,,,,,,GR Partially triggered,error,,,,,PO PO-V2SE7PP-20260708-016 not found
Transportation,2025,,1011381813,7300054360,,GR Partially triggered,Beijing Yilu Pingan Automobile Rescue service co.. Ltd.,Inner city charter trailer Q2  2025,7250,7685,7754.38,,,,,Zhou Liwei,60473000,2025-07-23 00:00:00,5005149899,2025-07-23 00:00:00,,,,,,,,,GR Partially triggered,error,,,,,PO PO-V2SE7PP-20260708-016 not found
Transportation,,55,1011395193,7300053529,PO under FC,PO Approved,"ZERO SCM LOGISTICS (BEIJING) CO.,LTD",Domestic transport_2024.6.1-2026.9.30,,,,31069550,31069550,36259002.6,Logistics,Zhou Liwei,60473000,2024-03-21 00:00:00,,,2024-01-01 00:00:00,2026-09-30 00:00:00,Quarterly,"Sun, Feimeng",,,#REF!,,PO Approved,Imported,,,,,
Transportation,2024,,1011395193,7300053529,,GR Partially triggered,"ZERO SCM LOGISTICS (BEIJING) CO.,LTD",Zero domesic logistic for June 2024,963337.51,963337.51,970923.44,,,,,Zhou Liwei,60473000,2024-07-24 00:00:00,5004785202,2024-07-24 00:00:00,,,,,,,#REF!,,GR Partially triggered,error,,,,,PO PO-V2SE7PP-20260708-017 not found
Transportation,2024,,1011395193,7300053529,,GR Partially triggered,"ZERO SCM LOGISTICS (BEIJING) CO.,LTD",Zero domesic logistic for July 2024,1334414.3,1454511.59,1335990.65,,,,,Zhou Liwei,60473000,2024-08-06 00:00:00,5004796499,2024-08-06 00:00:00,,,,,,,#REF!,,GR Partially triggered,error,,,,,PO PO-V2SE7PP-20260708-017 not found
Transportation,2024,,1011395193,7300053529,,GR Partially triggered,"ZERO SCM LOGISTICS (BEIJING) CO.,LTD",Zero domesic logistic for Aug. 2024,1291064.8,1407260.63,1413664.53,,,,,Zhou Liwei,60473000,2024-09-06 00:00:00,5004826668,2024-09-06 00:00:00,,,,,,,#REF!,,GR Partially triggered,error,,,,,PO PO-V2SE7PP-20260708-017 not found
Transportation,2024,,1011395193,7300053529,,GR Partially triggered,"ZERO SCM LOGISTICS (BEIJING) CO.,LTD",Zero domesic logistic for Sep. 2024,1401668.58,1527818.75,1405897.14,,,,,Zhou Liwei,60473000,2024-10-21 00:00:00,5004871808,2024-10-21 00:00:00,,,,,,,#REF!,,GR Partially triggered,error,,,,,PO PO-V2SE7PP-20260708-017 not found
Transportation,2024,,1011395193,7300053529,,GR Partially triggered,"ZERO SCM LOGISTICS (BEIJING) CO.,LTD",Zero domesic logistic for Oct. 2024,1142977.36,1245845.32,1250549.39,,,,,Zhou Liwei,60473000,2024-11-13 00:00:00,5004896656,2024-11-13 00:00:00,,,,,,,#REF!,,GR Partially triggered,error,,,,,PO PO-V2SE7PP-20260708-017 not found
Transportation,2024,,1011395193,7300053529,,GR Partially triggered,"ZERO SCM LOGISTICS (BEIJING) CO.,LTD",Zero domesic logistic for Nov. 2024,1251814.04,1364477.3,1258316.78,,,,,Zhou Liwei,60473000,2024-12-09 00:00:00,5004931090,2024-12-09 00:00:00,,,,,,,,,GR Partially triggered,error,,,,,PO PO-V2SE7PP-20260708-017 not found
Transportation,2024_Provision,,1011395193,7300053529,,GR Partially triggered,"ZERO SCM LOGISTICS (BEIJING) CO.,LTD",Zero domesic logistic for Dec. 2024_Part1,1640790.86,1788462.04,132045.59,,,,,Zhou Liwei,60473000,2024-02-11 00:00:00,5004993109,2024-02-11 00:00:00,,,,,,,,,GR Partially triggered,error,,,,,PO PO-V2SE7PP-20260708-017 not found
Transportation,2024_Provision,,1011395193,7300053529,,GR Partially triggered,"ZERO SCM LOGISTICS (BEIJING) CO.,LTD",Zero domesic logistic for Dec. 2024_Part2,,,1517969.49,,,,,Zhou Liwei,60473000,2024-02-11 00:00:00,5004993124,2024-02-11 00:00:00,,,,,,,,,GR Partially triggered,error,,,,,PO PO-V2SE7PP-20260708-017 not found
Transportation,2025,,1011395193,7300053529,,GR Partially triggered,"ZERO SCM LOGISTICS (BEIJING) CO.,LTD",Zero domesic logistic Q1 2025,3634769.64,3961898.9,3635137.46,,,,,Zhou Liwei,60473000,2025-04-22 00:00:00,5005062296,2025-04-22 00:00:00,,,,,,,,,GR Partially triggered,error,,,,,PO PO-V2SE7PP-20260708-017 not found
Transportation,2025,,1011395193,7300053529,,GR Partially triggered,"ZERO SCM LOGISTICS (BEIJING) CO.,LTD",Zero domesic logistic Q2 2025,4353177.13,4744963.07,4354175.64,,,,,Zhou Liwei,60473000,2025-07-17 00:00:00,5005208631,2025-07-17 00:00:00,,,,,,,,,GR Partially triggered,error,,,,,PO PO-V2SE7PP-20260708-017 not found
Transportation,2025,,1011395193,7300053529,,GR Partially triggered,"ZERO SCM LOGISTICS (BEIJING) CO.,LTD",Zero domesic logistic Q3 2025,3368927.6,3672131.08,3382142.54,,,,,Zhou Liwei,60473000,2025-11-04 00:00:00,5005246001,2025-11-04 00:00:00,,,,,,,,,GR Partially triggered,error,,,,,PO PO-V2SE7PP-20260708-017 not found
Transportation,2025,,1011395193,7300053529,,GR Partially triggered,"ZERO SCM LOGISTICS (BEIJING) CO.,LTD",Zero domesic logistic 2025.10-2025.11_part1,426096.7,464445.40300000005,426096.7,,,,,Zhou Liwei,60473000,2025-12-15 00:00:00,5005298578,2025-12-15 00:00:00,,,,,,,,,GR Partially triggered,error,,,,,PO PO-V2SE7PP-20260708-017 not found
Transportation,2025,,1011395193,7300053529,,GR Partially triggered,"ZERO SCM LOGISTICS (BEIJING) CO.,LTD",Zero domesic logistic 2025.10-2025.11_part2,1395388.84,1520973.8356,1398129.69,,,,,Zhou Liwei,60473000,2025-12-15 00:00:00,5005298610,2025-12-15 00:00:00,,,,,,,,,GR Partially triggered,error,,,,,PO PO-V2SE7PP-20260708-017 not found
Transportation,2025,,1011395193,7300053529,,GR Partially triggered,"ZERO SCM LOGISTICS (BEIJING) CO.,LTD",Zero domesic logistic 2025.12,1101957.4,1201133.566,1108517.11,,,,,Zhou Liwei,60473000,2026-02-12 00:00:00,5005346145,2026-02-12 00:00:00,,,,,,,,,GR Partially triggered,error,,,,,PO PO-V2SE7PP-20260708-017 not found
Transportation,2026,,1011395193,7300053529,,GR Partially triggered,"ZERO SCM LOGISTICS (BEIJING) CO.,LTD",Zero domesic logistic 2026 Q1,,,2556580.01,,,,,Zhou Liwei,60473000,2026-05-21 00:00:00,5005441967,2026-05-21 00:00:00,,,,,,,,,GR Partially triggered,error,,,,,PO PO-V2SE7PP-20260708-017 not found
General Service,,125,1011442962,7300053456,PO,PO Approved,伟翔联合环保科技发展（北京）有限公司,confidential components destruction,,,,100,100,100,Etc.,Zhang Jufeng,60473000,2024-04-10 00:00:00,,,2024-04-12 00:00:00,2030-12-31 00:00:00,,,,,#REF!,,PO Approved,Imported,,,,,
Transportation,,77,1011953156,7300059544,PO under FC,PO Approved,全球国合国际货运（北京）有限公司,Domestic general cargo transportation Mar.2025-Feb.2028_Parts,,,,196942.29,196942.29,254733,,"Sun, Jialing",60473000,2024-10-28 00:00:00,,,2025-02-01 00:00:00,2028-02-29 00:00:00,Monthly,"Song, Juan",,,#REF!,,PO Approved,Imported,,,,,
Transportation,,70,1011794761,7300056053,PO under FC,PO Approved,上海晓荣物流有限公司,DG Transportation for Batteries transportation to VWATJ,,,,0,64000,64000,,"Sun, Jialing",60473000,2024-08-27 00:00:00,,,2024-09-01 00:00:00,2028-12-31 00:00:00,Monthly,"Song, Juan",,,,,PO Approved,Imported,,,,,
Transportation,2024,,1011794761,7300056053,,GR Partially triggered,上海晓荣物流有限公司,DG goods Transportation_2024/09-2024/10,,,20544,,,,,Zhang Jufeng,60473000,2024-10-24 00:00:00,5004876738,2024-10-24 00:00:00,,,,,,,,,GR Partially triggered,error,,,,,PO PO-V2SE7PP-20260708-020 not found
Transportation,2024,,1011794761,7300056053,,GR Partially triggered,上海晓荣物流有限公司,DG goods Transportation_2024/10-2024/11,,,11392,,,,,Zhang Jufeng,60473000,2024-11-25 00:00:00,5004909650,2024-11-25 00:00:00,,,,,,,,,GR Partially triggered,error,,,,,PO PO-V2SE7PP-20260708-020 not found
Transportation,2026,,1011794761,7300056053,,GR Partially triggered,上海晓荣物流有限公司,DG goods Transportation for Jan. 2026,1800,1962,1984,,,,,Zhang Jufeng,60473000,2026-03-11 00:00:00,5005373038,2026-03-11 00:00:00,,,,,,,,,GR Partially triggered,error,,,,,PO PO-V2SE7PP-20260708-020 not found
Import&Export&cusoms clearance,,86,1012052507,7300058739,PO,PO Approved,CTS International Logistics Corporation Limited-Beijingbranch,U-turn service testing vehicle,,,,490356,490356,1216880,,Zhou Liwei,60473000,2024-11-29 00:00:00,,,2025-01-23 00:00:00,2026.12.31,Quarterly,"Sun, Feimeng",,,,,PO Approved,Imported,,,,,
Import&Export&cusoms clearance,2025,,1012052507,7300058739,,GR Partially triggered,CTS International Logistics Corporation Limited-Beijingbranch,CTS U-turn_Part1,,,188296.7,,,,,Zhou Liwei,60473000,2025-08-06 00:00:00,5005161926,2025-08-06 00:00:00,,,,,,,,,GR Partially triggered,error,,,,,PO PO-V2SE7PP-20260708-021 not found
Import&Export&cusoms clearance,,,1012052507,7300058739,,GR Partially triggered,CTS International Logistics Corporation Limited-Beijingbranch,CTS U-turn_Part2,174540,184540,185354.57,,,,,Zhou Liwei,60473000,2025-11-27 00:00:00,5005275123,2025-11-27 00:00:00,,,,,,,,,GR Partially triggered,error,,,,,PO PO-V2SE7PP-20260708-021 not found
Import&Export&cusoms clearance,,,1012052507,7300058739,,GR Partially triggered,CTS International Logistics Corporation Limited-Beijingbranch,CTS U-turn _Part3,63280,63280,63746.28,,,,,Zhou Liwei,60473000,2026-06-10 00:00:00,5005443154,2026-06-10 00:00:00,,,,,,,,,GR Partially triggered,error,,,,,PO PO-V2SE7PP-20260708-021 not found
Import&Export&cusoms clearance,2026,,1012052507,7300066236,,PO Approved,CTS International Logistics Corporation Limited-Beijingbranch,,,,,,326904,,,Zhou Liwei,60473000,2026-06-10 00:00:00,,,2025.12.1,2026.12.31,,,,,,,PO Approved,Imported,,,,,
Transportation,,90,1012113972,7300058985,Contract,PO Approved,Beijing Yilu Pingan Automobile Rescue service co.. Ltd.,trailer inner city,,,,1343135.28,1343135.28,1398060.5,,Zhou Liwei,60473000,2024-12-19 00:00:00,,,2025.1.1,2026.6.30,Quarterly,"Sun, Feimeng",,,,,PO Approved,Imported,,,,,
Transportation,2025,,1012113972,7300058985,,GR Partially triggered,Beijing Yilu Pingan Automobile Rescue service co.. Ltd.,Trailer inner city/Yanjiao_Q1 2025 Part2,53525,56736.5,57754.82,,,,,Zhou Liwei,60473000,2025-04-22 00:00:00,5005062495,2025-04-22 00:00:00,,,,,,,,,GR Partially triggered,error,,,,,PO PO-V2SE7PP-20260708-023 not found
Transportation,2025,,1012113972,7300058985,,GR Partially triggered,Beijing Yilu Pingan Automobile Rescue service co.. Ltd.,Trailer inner city/Yanjiao_Q2 2025,391649.75,415148.74,416371.94,,,,,Zhou Liwei,60473000,2025-07-17 00:00:00,5005145678,2025-07-17 00:00:00,,,,,,,,,GR Partially triggered,error,,,,,PO PO-V2SE7PP-20260708-023 not found
Transportation,2025,,1012113972,7300058985,,GR Partially triggered,Beijing Yilu Pingan Automobile Rescue service co.. Ltd.,Trailer inner city/Yanjiao_Q3 2025,351133.85,372201.88,37607.79,,,,,Zhou Liwei,60473000,2025-11-05 00:00:00,5005247471,2025-11-05 00:00:00,,,,,,,,,GR Partially triggered,error,,,,,PO PO-V2SE7PP-20260708-023 not found
Transportation,2026,,1012113972,7300058985,,Cancellation,Beijing Yilu Pingan Automobile Rescue service co.. Ltd.,Trailer inner city/Yanjiao_Q3 2025,-351133.85,-372201.88,-37607.79,,,,,Zhou Liwei,60473000,2025-02-12 00:00:00,5005346236,2025-02-12 00:00:00,,,,,,,,,Cancellation,error,,,,,PO PO-V2SE7PP-20260708-023 not found
Transportation,2025,,1012113972,7300058985,,GR Partially triggered,Beijing Yilu Pingan Automobile Rescue service co.. Ltd.,Trailer inner city 2025 10-11,170117.75,180324.82,181323.26,,,,,Zhou Liwei,60473000,2025-12-17 00:00:00,5005301753,2025-12-17 00:00:00,,,,,,,,,GR Partially triggered,error,,,,,PO PO-V2SE7PP-20260708-023 not found
Transportation,2026,,1012113972,7300058985,,GR Partially triggered,Beijing Yilu Pingan Automobile Rescue service co.. Ltd.,Trailer inner city/Yanjiao_Q3 2025,351133.85,372201.88,373391.61,,,,,Zhou Liwei,60473000,2026-02-12 00:00:00,5005346238,2026-02-12 00:00:00,,,,,,,,,GR Partially triggered,error,,,,,PO PO-V2SE7PP-20260708-023 not found
Transportation,2026,,1012113972,7300058985,,GR Partially triggered,Beijing Yilu Pingan Automobile Rescue service co.. Ltd.,Trailer inner city_2025 12,115498.75,122428.68,123568.45,,,,,Zhou Liwei,60473000,2026-03-19 00:00:00,5005381368,2026-03-19 00:00:00,,,,,,,,,GR Partially triggered,error,,,,,PO PO-V2SE7PP-20260708-023 not found
Transportation,2026,,1012113972,7300058985,,Finish,Beijing Yilu Pingan Automobile Rescue service co.. Ltd.,Trailer inner city_Q1 2026,179924,190719.45,190725.21,,,,,Zhou Liwei,60473000,2026-06-12 00:00:00,5005462605,2026-06-12 00:00:00,,,,,,,,,Finish,error,,,,,PO PO-V2SE7PP-20260708-023 not found
Harness,2025_Xifan,92,1012176900,7300060816,PO,SC Approved,廊坊开发区欧特克精密电子线束制造有限公司,PPEproject_Harnnessprocessing,,,,1014457.5,1014457.5,1069556.3,,"Su, Tong",60473000,2025-01-24 00:00:00,,,2025-05-13 00:00:00,2026-05-01 00:00:00,Quarterly,"Li, Na",,,,,SC Approved,Imported,,,,,
Harness,2025,,1012176900,7300060816,,Finish,廊坊开发区欧特克精密电子线束制造有限公司,PPEproject_Harnnessprocessing_2025/9/15-2026/1/30,122541.3,138471.67,138980.68,,,,,"Su, Tong",60473000,2026-02-10 00:00:00,5005343401,2026-02-10 00:00:00,2025-05-13 00:00:00,2026-05-01 00:00:00,Quarterly,"Li, Na",,,,,Finish,error,,,,,PO PO-V2SE7PP-20260708-024 not found
Transportation,2025,99,1012335355,7300064497,PO under FC,SC Approved,上海本质物流有限公司,Domestic DG goods Transportation 2025.7.1-2028.06.30,,,,,,900000,,"Sun, Jialing",60473000,2025-03-24 00:00:00,,,2025-11-01 00:00:00,2028-06-30 00:00:00,Monthly,"Song, Juan",,,,,SC Approved,Imported,,,,,
Transportation,2025,,1012358305,,,SC Approved,上海本质物流有限公司,Additioanl SC for Domestic DG goods Transportation  2025.7.1-2029.12.31,,,,,,190000,,Zhang Jufeng,60473000,2025-04-01 00:00:00,,,,,,,,,,,SC Approved,Imported,,,,,
Driver,2025,,1012358257,7300061396,,SC Approved,"BeijingJinTianShunDaBusinessServiceCo.,Ltd",Test driver service from 2025-05-01 to 2028-03-31,,,,6141004,6141004,6141004,,Zhou Liwei,60473000,2025-04-01 00:00:00,,,2026.1.1,2027.12.31,,,,,,,SC Approved,Imported,,,,,
Driver,2025,,1012358257,7300061396,,GR Partially triggered,"BeijingJinTianShunDaBusinessServiceCo.,Ltd",Over time 2025 10-11,,,8040.03,,,,,Zhou Liwei,60473000,2025-12-18 00:00:00,5005303326,2025-12-18 00:00:00,,,,,,,,,GR Partially triggered,error,,,,,PO PO-V2SE7PP-20260708-026 not found
Test car rental,2025,,1012375831,7300063480,PO under FC,SC Approved,"BeijingJinTianShunDaBusinessServiceCo.,Ltd",Contract extension--test vehicle rental,,,,6993231,6993231,6993231,,"Ye, Xiaorui",60473000,2025-04-07 00:00:00,,,,2028-12-31 00:00:00,,,,,,,SC Approved,Imported,,,,,
Test car rental,2025,,1012375831,7300063480,,GR Partially triggered,"BeijingJinTianShunDaBusinessServiceCo.,Ltd",Test car rental service_Jan.-Sep.2025,1768980,1998947,2000064.07,,,,,"Ye, Xiaorui",60473000,2025-11-07 00:00:00,5005250834,2025-11-07 00:00:00,,2028-12-31 00:00:00,,,,,,,GR Partially triggered,error,,,,,PO PO-V2SE7PP-20260708-007 not found
Test car rental,2025,,1012375831,7300063480,,GR Partially triggered,"BeijingJinTianShunDaBusinessServiceCo.,Ltd",Test car rental service-23 G6_part1,1343200,1517816,1524524.36,,,,,"Ye, Xiaorui",60473000,2025-11-12 00:00:00,5005255543,2025-11-12 00:00:00,,2028-12-31 00:00:00,,,,,,,GR Partially triggered,error,,,,,PO PO-V2SE7PP-20260708-007 not found
Test car rental,2025,,1012375831,7300063480,,GR Partially triggered,"BeijingJinTianShunDaBusinessServiceCo.,Ltd",Test car rental service-23 G6_part2,1203670,1360147.1,1363680.5,,,,,"Ye, Xiaorui",60473000,2025-12-10 00:00:00,5005291613,2025-12-10 00:00:00,,2028-12-31 00:00:00,,,,,,,GR Partially triggered,error,,,,,PO PO-V2SE7PP-20260708-007 not found
Test car rental,2025,,1012375831,7300063480,,GR Partially triggered,"BeijingJinTianShunDaBusinessServiceCo.,Ltd",Test car rental service Oct.-07. Dec.2025,502804,568168.52,573444.94,,,,,"Ye, Xiaorui",60473000,2025-12-10 00:00:00,5005291638,2025-12-10 00:00:00,,2028-12-31 00:00:00,,,,,,,GR Partially triggered,error,,,,,PO PO-V2SE7PP-20260708-007 not found
Test car rental,2025,,1012375831,7300063480,,GR Partially triggered,"BeijingJinTianShunDaBusinessServiceCo.,Ltd",Test car rental service Dec.2025,,,132871.39,,,,,"Ye, Xiaorui",60473000,2025-12-18 00:00:00,5005303528,2025-12-18 00:00:00,,2028-12-31 00:00:00,,,,,,,GR Partially triggered,error,,,,,PO PO-V2SE7PP-20260708-007 not found
Test car rental,2025,,1012375831,7300063480,,GR Partially triggered,"BeijingJinTianShunDaBusinessServiceCo.,Ltd","Test car rental service(ES-X,EI,GF-6)",,321891.8,328681.86,,,,,"Ye, Xiaorui",60473000,2026-04-23 00:00:00,5005414095,2026-04-23 00:00:00,,2028-12-31 00:00:00,,,,,,,GR Partially triggered,error,,,,,PO PO-V2SE7PP-20260708-007 not found
Security,2025,88_2,1012071353,7300059730,PO under FC,PO Approved,"China Security & Protection Group Co.,Ltd",Sercurity service for prototype 2025+2026,,,,310878,310878,310878,,Zhou Liwei,60473000,,,,2025.3.15,2028.3.14,Quarterly,"Han, Yue",,,,,PO Approved,Imported,,,,,
Security,2025,,1012071353,7300059730,,GR Partially triggered,"China Security & Protection Group Co.,Ltd",Sercurity service Q2 2025,56700,60102,60469.11,,,,,Zhou Liwei,60473000,2025-08-20 00:00:00,5005173963,2025-08-20 00:00:00,,,,,,,,,GR Partially triggered,error,,,,,PO PO-V2SE7PP-20260708-027 not found
Security,,,1012071353,7300059730,,GR Partially triggered,"China Security & Protection Group Co.,Ltd",Sercurity service Q3 2025,48600,51516,51565.68,,,,,Zhou Liwei,60473000,2025-10-29 00:00:00,5005240987,2025-10-29 00:00:00,,,,,,,,,GR Partially triggered,error,,,,,PO PO-V2SE7PP-20260708-027 not found
Security,,,1012071353,7300059730,,GR Partially triggered,"China Security & Protection Group Co.,Ltd",Sercurity service Q4 2025,48600,51516,51565.68,,,,,Zhou Liwei,60473000,2025-12-08 00:00:00,5005287324,2025-12-08 00:00:00,,,,,,,,,GR Partially triggered,error,,,,,PO PO-V2SE7PP-20260708-027 not found
Secirity,,,1012071353,7300059730,,GR Partially triggered,"China Security & Protection Group Co.,Ltd",Sercurity service Q1 2026,,51516,51565.68,,,,,Zhou Liwei,60473000,2026-04-21 00:00:00,5005411119,2026-04-21 00:00:00,,,,,,,,,GR Partially triggered,error,,,,,PO PO-V2SE7PP-20260708-027 not found
Insurance,2025,63_2,1012412764,7300061268,,SC Approved,中国平安财产保险股份有限公司北京分公司,Test vehicle insurance 2025.04.23-2026.04.30,,,,1890200,1890200,1890200,,Zhou Liwei,60473000,2025-04-22 00:00:00,,,2025.1.1,2027.4.30,,,,,,,SC Approved,Imported,,,,,
Insurance,2025,,1012412764,7300061268,,GR Partially triggered,中国平安财产保险股份有限公司北京分公司,Pingan test car insurance_Part 1,,272017.98,272188.8,,,,,Zhou Liwei,60473000,2025-07-23 00:00:00,5005149923,2025-07-23 00:00:00,,,,,,,,,GR Partially triggered,error,,,,,PO PO-V2SE7PP-20260708-028 not found
Insurance,2025,,1012412764,7300061268,,GR Partially triggered,中国平安财产保险股份有限公司北京分公司,Pingan test car insurance_Part 2,,292942.44,292981,,,,,Zhou Liwei,60473000,2025-09-12 00:00:00,5005195627,2025-09-12 00:00:00,,,,,,,,,GR Partially triggered,error,,,,,PO PO-V2SE7PP-20260708-028 not found
Insurance,2025,,1012412764,7300061268,,GR Partially triggered,中国平安财产保险股份有限公司北京分公司,Pingan test car insurance_Part 3,,196600.87,198471,,,,,Zhou Liwei,60473000,2025-11-11 00:00:00,5005254128,2025-11-11 00:00:00,,,,,,,,,GR Partially triggered,error,,,,,PO PO-V2SE7PP-20260708-028 not found
Insurance,2025,,1012412764,7300061268,,GR Partially triggered,中国平安财产保险股份有限公司北京分公司,Pingan test car insurance_Part 4,,287879.86,289200.6,,,,,Zhou Liwei,60473000,2025-12-15 00:00:00,5005298645,2025-12-15 00:00:00,,,,,,,,,GR Partially triggered,error,,,,,PO PO-V2SE7PP-20260708-028 not found
Insurance,2026,,1012412764,7300061268,,GR Partially triggered,中国平安财产保险股份有限公司北京分公司,Pingan test car insurance_Part 5,,196600.87,198471,,,,,Zhou Liwei,60473000,2026-04-01 00:00:00,5005394076,,,,,,,,,,GR Partially triggered,error,,,,,PO PO-V2SE7PP-20260708-028 not found
Insurance,,,1012412764,7300061268,,GR Partially triggered,中国平安财产保险股份有限公司北京分公司,Pingan test car insurance_Part 6,,203622.33,204141.6,,,,,Zhou Liwei,60473000,2026-04-21 00:00:00,5005411093,2026-04-21 00:00:00,,,,,,,,,GR Partially triggered,error,,,,,PO PO-V2SE7PP-20260708-028 not found
Insurance,,,1012412764,7300061268,,GR Partially triggered,中国平安财产保险股份有限公司北京分公司,Pingan test car insurance_Part 7,,210643.79,211702.4,,,,,Zhou Liwei,60473000,2026-06-10 00:00:00,5005456075,2026-06-10 00:00:00,,,,,,,,,GR Partially triggered,error,,,,,PO PO-V2SE7PP-20260708-028 not found
Transportation,2025,77,1011953156,7300059544,PO under FC,SC Approved,全球国合国际货运（北京）有限公司,Domestic general cargo transport_北京&上海出发,,,,,,254733,,"Sun, Jialing",60473000,,,,2025-02-01 00:00:00,2028-02-29 00:00:00,Monthly,,,,,,SC Approved,Imported,,,,,
Transportation,2025,,1011953156,7300059544,,GR Partially triggered,全球国合国际货运（北京）有限公司,Domestic general cargo transport_Mar.& Apr. 2025,3781.6055045871553,4121.95,4171.43,,,,,"Sun, Jialing",60473000,2025-05-29 00:00:00,5005098546,2025-05-29 00:00:00,,,,,,,,,GR Partially triggered,error,,,,,PO PO-V2SE7PP-20260708-019 not found
Transportation,2025,,1011953156,7300059544,,GR Partially triggered,全球国合国际货运（北京）有限公司,Domestic general cargo transport_May 2025,3288.7981651376144,3584.79,3602.6,,,,,"Sun, Jialing",60473000,2025-07-14 00:00:00,5005141755,2025-07-14 00:00:00,,,,,,,,,GR Partially triggered,error,,,,,PO PO-V2SE7PP-20260708-019 not found
Transportation,2025,,1011953156,7300059544,,GR Partially triggered,全球国合国际货运（北京）有限公司,Domestic general cargo transport_June 2025,7185.155963302752,7831.82,7837.24,,,,,"Sun, Jialing",60473000,2025-08-29 00:00:00,5005182215,2025-08-29 00:00:00,,,,,,,,,GR Partially triggered,error,,,,,PO PO-V2SE7PP-20260708-019 not found
Transportation,2025,,1011953156,7300059544,,GR Partially triggered,全球国合国际货运（北京）有限公司,Domestic general cargo transport_Aug. 2025,2693.7,2936.14,2970.57,,,,,"Sun, Jialing",60473000,2025-11-05 00:00:00,5005247596,2025-11-05 00:00:00,,,,,,,,,GR Partially triggered,error,,,,,PO PO-V2SE7PP-20260708-019 not found
Transportation,2025,,1011953156,7300059544,,GR Partially triggered,全球国合国际货运（北京）有限公司,Domestic general cargo transport_Sep. 2025,11929.36,13003,13019.93,,,,,"Sun, Jialing",60473000,2025-11-05 00:00:00,5005247648,2025-11-05 00:00:00,,,,,,,,,GR Partially triggered,error,,,,,PO PO-V2SE7PP-20260708-019 not found
Transportation,2025,,1011953156,7300059544,,GR Partially triggered,全球国合国际货运（北京）有限公司,Domestic general cargo transport_July 2025,22020,24001.8,24017.35,,,,,"Sun, Jialing",60473000,2025-11-07 00:00:00,5005250721,2025-11-07 00:00:00,,,,,,,,,GR Partially triggered,error,,,,,PO PO-V2SE7PP-20260708-019 not found
Transportation,2025,,1011953156,7300059544,,GR Partially triggered,全球国合国际货运（北京）有限公司,Domestic general cargo transport_Oct. 2025,6320,6888.8,6889.19,,,,,"Sun, Jialing",60473000,2025-12-09 00:00:00,5005289139,2025-12-09 00:00:00,,,,,,,,,GR Partially triggered,error,,,,,PO PO-V2SE7PP-20260708-019 not found
Transportation,2025,,1011953156,7300059544,,GR Partially triggered,全球国合国际货运（北京）有限公司,Domestic general cargo transport_Nov 2025_part1,6958.192660550459,7584.43,7584.43,,,,,"Sun, Jialing",60473000,2025-12-09 00:00:00,5005289175,2025-12-09 00:00:00,,,,,,,,,GR Partially triggered,error,,,,,PO PO-V2SE7PP-20260708-019 not found
Transportation,2025,,1011953156,7300059544,,GR Partially triggered,全球国合国际货运（北京）有限公司,Domestic general cargo transport_Nov 2025_part2,436.6880733944952,475.9899999999998,497.03,,,,,"Sun, Jialing",60473000,2025-12-09 00:00:00,5005289194,2025-12-09 00:00:00,,,,,,,,,GR Partially triggered,error,,,,,PO PO-V2SE7PP-20260708-019 not found
Transportation,2025,,1011953156,7300059544,,GR Partially triggered,全球国合国际货运（北京）有限公司,Domestic general cargo transport_2025/12/1-2025/12/8,1600,1744,1801.74,,,,Zhang Jufeng,"Sun, Jialing",60473000,2025-12-16 00:00:00,5005300248,2025-12-16 00:00:00,,,,,,,,,GR Partially triggered,error,,,,,PO PO-V2SE7PP-20260708-019 not found
Transportation,2026,,1011953156,7300059544,,GR Partially triggered,全球国合国际货运（北京）有限公司,Domestic general cargo transport_2026.1,6160,6714.4,6772.07,,,,,"Sun, Jialing",60473000,2026-02-12 00:00:00,5005346146,2026-02-12 00:00:00,,,,,,,,,GR Partially triggered,error,,,,,PO PO-V2SE7PP-20260708-019 not found
Transportation,2026,,1011953156,7300059544,,GR Partially triggered,全球国合国际货运（北京）有限公司,Domestic general cargo transport_2026.2,580,632.2,683.42,,,,,"Sun, Jialing",60473000,2026-04-14 00:00:00,5005403712,2026-04-14 00:00:00,,,,,,,,,GR Partially triggered,error,,,,,PO PO-V2SE7PP-20260708-019 not found
Transportation,2026,,1011953156,7300059544,,GR Partially triggered,全球国合国际货运（北京）有限公司,Domestic general cargo transport_2026.4,1542.9999999999998,1681.87,1739.61,,,,,"Sun, Jialing",60473000,2026-06-10 00:00:00,5005445600,2026-06-10 00:00:00,,,,,,,,,GR Partially triggered,error,,,,,PO PO-V2SE7PP-20260708-019 not found
Driver,2025,,1012511693,7300062074,,SC Approved,"BeijingJinTianShunDaBusinessServiceCo.,Ltd",Test driver service until 01.12.2025,,,,#REF!,1334780,1414866.8,,Zhou Liwei,60473000,2025-06-03 00:00:00,,,,,,,,,,,SC Approved,Imported,,,,,
General Service,2025,,1012596000,7300062093,,SC Approved,"BeijingDongxueDataEngineeringCo,.Ltd",GPS for test vehicle,,,,-54179.78,37500,37500,,Zhou Liwei,60473000,2025-07-07 00:00:00,,,2025.8.1,2027.12.31,,,,,,,SC Approved,Imported,,,,,
General Service,2025,,1012596000,7300062093,,GR Partially triggered,"BeijingDongxueDataEngineeringCo,.Ltd",GPS_Part1,21238.938053097347,24000,24000,,,,,Zhou Liwei,60473000,2025-09-25 00:00:00,5005208740,2025-09-25 00:00:00,,,,,,,,,GR Partially triggered,error,,,,,PO PO-V2SE7PP-20260708-030 not found
General Service,2025,,1012596000,7300062093,,GR Partially triggered,"BeijingDongxueDataEngineeringCo,.Ltd",GPS_Part2,2787.61,3150,3150,,,,,Zhou Liwei,60473000,2025-12-09 00:00:00,5005289102,2025-12-09 00:00:00,,,,,,,,,GR Partially triggered,error,,,,,PO PO-V2SE7PP-20260708-030 not found
General Service,2025,,1012605723,7300062256,,SC Approved,"Beijing Jin Rui Chi  Car  Service Co.,Ltd",Test vehicle film,,,,27984,27984,27984,,Zhou Liwei,60473000,2025-07-10 00:00:00,,,2025.8.1,2027.12.31,,,,,,,SC Approved,Imported,,,,,
General Service,,,1012605723,7300062256,,GR Partially triggered,"Beijing Jin Rui Chi  Car  Service Co.,Ltd",Test vehicle film_part1,6600,6996,6996,,,,,Zhou Liwei,60473000,2025-12-09 00:00:00,5005289134,2025-12-09 00:00:00,,,,,,,,,GR Partially triggered,error,,,,,PO PO-V2SE7PP-20260708-031 not found
General Service,2025,,1012611581,7300062255,,SC Approved,"Beijing Konggang Jingfei Automotive Service Co.,Ltd",change windshield,,,,,,14416,,Zhou Liwei,60473000,2025-07-14 00:00:00,,,2025.7.1,2027.12.31,,,,,,,SC Approved,Imported,,,,,
General Service,,,1012611581,7300062255,,GR Partially triggered,"Beijing Konggang Jingfei Automotive Service Co.,Ltd",change windshield_Part1,2720,2883.2,2883.2,,,,,Zhou Liwei,60473000,2025-12-10 00:00:00,5005291495,2025-12-10 00:00:00,,,,,,,,,GR Partially triggered,error,,,,,PO PO-V2SE7PP-20260708-032 not found
Import&Export&cusoms clearance,2025,131,1012632352,7300062437,,SC Approved,北京动力无限国际物流有限公司,Express Clearance&express&inspection payment,,,,27560,27560,27560,,Zhang Jufeng,60473000,2025-07-24 00:00:00,,,2025-07-25 00:00:00,2026-04-13 00:00:00,,,,,,,SC Approved,Imported,,,,,
Import&Export&cusoms clearance,2025,,1012632352,7300062437,,GR Partially triggered,北京动力无限国际物流有限公司,Express Clearance&express&inspection payment_2024/12/9-2025/9/16,11256.1,11931.41,11933.48,,,,,Zhang Jufeng,60473001,2025-10-28 00:00:00,5005239548,2025-10-28 00:00:00,2025-07-25 00:00:00,2026-04-13 00:00:00,,,,,,,GR Partially triggered,error,,,,,PO PO-V2SE7PP-20260708-033 not found
Import&Export&cusoms clearance,2025,,1012632352,7300062437,,GR Partially triggered,北京动力无限国际物流有限公司,Express Clearance&express&inspection payment_2025/9/23-2026/2/3,3572.37,3786.71,3803.28,,,,,Zhang Jufeng,60473001,2026-02-28 00:00:00,5005362035,2026-02-28 00:00:00,,,,,,,,,GR Partially triggered,error,,,,,PO PO-V2SE7PP-20260708-033 not found
Import&Export&cusoms clearance,2026,,1012632352,7300062437,,GR Partially triggered,北京动力无限国际物流有限公司,Express Clearance&express&inspection payment_2026.2.5-2026.3.4,,,3004.04,,,,,Zhang Jufeng,60473001,2026-04-02 00:00:00,5005395175,,,,,,,,,,GR Partially triggered,error,,,,,PO PO-V2SE7PP-20260708-033 not found
Equipment,2025,,1012641412,7300064766,,Finish,"Zhejiang Ruiye Technology Co., Ltd.",Firefighting robot 消防机器人,141592.92,159999.9996,160000,0,160000,213800,,"Sun, Jialing",60473000,2025-07-30 00:00:00,5005329739,2025-01-27 00:00:00,,,,,,Fix asset No.: 4301011237,,,Finish,error,,,,,PO PO-V2SE7PP-20260708-034 not found
Insurance,2025,,1012656949,7300063687,,SC Approved,"Ping An P&C Insurance Company of China, Ltd. Guangdong Branch",Commercial insurance of test vehicle,,,,1770000,1770000,1770000,,Zhou Liwei,60473000,2025-08-06 00:00:00,,,2025.8.6,2028.12.31,,,,,,,SC Approved,Imported,,,,,
Insurance,2025,,1012656949,7300063687,,GR Partially triggered,"Ping An P&C Insurance Company of China, Ltd. Guangdong Branch",,492641.51,522200,522209,,,,,Zhou Liwei,60473000,2025-12-15 00:00:00,5005298066,2025-12-15 00:00:00,,,,,,,,,GR Partially triggered,error,,,,,PO PO-V2SE7PP-20260708-035 not found
Dealers,2025,103,1012682730,7300063636,,SC Approved,上海西上海奥杰汽车销售服务有限公司,Shanghai test car maintenance service,,,,60000,60000,60000,,"Su, Tong",60473000,2025-08-18 00:00:00,,,2025-10-10 00:00:00,2026-10-10 00:00:00,one-time,,,,,,SC Approved,Imported,,,,,
Dealers,2025,,1012682730,7300063636,,GR Partially triggered,上海西上海奥杰汽车销售服务有限公司,Shanghai test car maintenance service_part1,4333.96,4594,4620,,,,,"Su, Tong",60473000,2025-12-01 00:00:00,5005278094,2025-12-01 00:00:00,2025-10-10 00:00:00,2026-10-10 00:00:00,one-time,,,N,,,GR Partially triggered,error,,,,,PO PO-V2SE7PP-20260708-036 not found
Dealers,2026,,1012682730,7300063636,,GR Partially triggered,上海西上海奥杰汽车销售服务有限公司,Shanghai test car maintenance service_2025.12.9-2026.1.27,11362.45,12839.57,12840,,,,,"Su, Tong",60473000,2026-03-11 00:00:00,5005373006,2026-03-11 00:00:00,2025-10-10 00:00:00,2026-10-10 00:00:00,one-time,,,N,,,GR Partially triggered,error,,,,,PO PO-V2SE7PP-20260708-036 not found
engineering Service,2025,,1012764025,7300063746,PO under FC,SC Approved,"Zynit China Co., Ltd",Oniste support service for workshop_Zynit_additional call offed SC application,,,,2500000,2500000,2500000,,"Sun, Jialing",60473000,2025-09-17 00:00:00,,,2024-03-04 00:00:00,2026-04-30 00:00:00,,,,,,,SC Approved,Imported,,,,,
engineering Service,2025,,1012764025,7300063746,,GR Partially triggered,"Zynit China Co., Ltd",Workshop support service Oct.&Nov. 2025_Zynit_part2,,,1387302.4500000002,,,,,"Sun, Jialing",60473000,2025-12-17 00:00:00,5005301650,2025-12-17 00:00:00,,,,,,,,,GR Partially triggered,error,,,,,PO PO-V2SE7PP-20260708-037 not found
engineering Service,2025,,1012764025,7300063746,,GR Partially triggered,"Zynit China Co., Ltd",Tino and Zhangpeng Oct.-Nov. 2025,,,288750.89,,,,,"Sun, Jialing",60473000,2025-12-18 00:00:00,5005303995,2025-12-18 00:00:00,,,,,,,,,GR Partially triggered,error,,,,,PO PO-V2SE7PP-20260708-037 not found
engineering Service,2026,,1012764025,7300063746,,GR Partially triggered,"Zynit China Co., Ltd",Workshop support service Dec. 2025_Mechanics and FSE moving workshop support,,,233337.89,,,,,"Sun, Jialing",60473000,2026-04-23 00:00:00,5005413995,2026-04-23 00:00:00,,,,,,,,,GR Partially triggered,error,,,,,PO PO-V2SE7PP-20260708-037 not found
engineering Service,2026,,1012764025,7300063746,,GR Partially triggered,"Zynit China Co., Ltd",Workshop support service Jan. 2026_Mechanics,,,349208.2,,,,,"Sun, Jialing",60473000,2026-04-23 00:00:00,5005414032,2026-04-23 00:00:00,,,,,,,,,GR Partially triggered,error,,,,,PO PO-V2SE7PP-20260708-037 not found
engineering Service,2026,,1012764025,7300063746,,Finish,"Zynit China Co., Ltd",Workshop support service Apr. 2026_Mechanics,130562,138395.72,138395.72,,,,,"Sun, Jialing",60473000,2026-06-10 00:00:00,5005445632,,,,,,,,,,Finish,error,,,,,PO PO-V2SE7PP-20260708-037 not found
Testing support,2025,,1012830074,7300064109,PO under FC,SC Approved,ShanghaiZhongchengAutomotive,Additional Travel Cost for FC7600041849,,,,42374.82,47240.6,47240.6,,"Ye, Xiaorui",60473000,2025-10-11 00:00:00,,,,2027-02-04 00:00:00,,,,,,,SC Approved,Imported,,,,,
Testing support,,,1012830074,7300064109,,GR Partially triggered,ShanghaiZhongchengAutomotive,Test service travel cost_part1,2167.84,2297.91,2314.79,,,,,"Ye, Xiaorui",60473000,2025-12-09 00:00:00,5005291658,2025-12-10 00:00:00,,2027-02-04 00:00:00,,,,,,,GR Partially triggered,error,,,,,PO PO-V2SE7PP-20260708-038 not found
Testing support,,,1012830074,7300064109,,GR Partially triggered,ShanghaiZhongchengAutomotive,Traffic cost for Test in Shanghai Q1,,2505.44,2550.99,,,,,"Ye, Xiaorui",60473000,2026-06-24 00:00:00,5005474358,2026-06-24 00:00:00,,2027-02-04 00:00:00,,,,,,,GR Partially triggered,error,,,,,PO PO-V2SE7PP-20260708-038 not found
Parts,2025,,1012837833,7300065357,,Finish,万向一二三股份公司,Q7/Q9 48V battery,,,50850,,50850,50850,,"Su, Tong",60473000,2025-10-15 00:00:00,5005381391,2026-03-19 00:00:00,2025-10-15 00:00:00,2026-06-15 00:00:00,one-time,,,N,,,Finish,error,,,,,PO PO-V2SE7PP-20260708-039 not found
Transportation,2025,98,1012841884,7300064055,,PO Approved,"Shanghai Xiaorong Logistics Co., Ltd",Gen. cargo transport_additional routes until 28.02.2028,,,,#REF!,112194.4,116897,,"Sun, Jialing",60473000,2025-10-16 00:00:00,,,2025-10-20 00:00:00,2028-02-28 00:00:00,,,,,,,PO Approved,Imported,,,,,
General Service,2025,,1012857094,7300063923,,SC Approved,"Beijing Jin Rui Chi  Car  Service Co.,Ltd",test vehicle camouflage remove*50,,,,40810,40810,40810,,Zhou Liwei,60473000,2025-10-22 00:00:00,,,2025.10.22,2027.12.31,,,,,,,SC Approved,Imported,,,,,
General Service,2025,,1012857094,7300063923,,GR Partially triggered,"Beijing Jin Rui Chi  Car  Service Co.,Ltd",Test vehicle film_part1,4620,4897.2,4897.2,,,,,Zhou Liwei,60473000,2025-12-15 00:00:00,5005298187,2025-12-15 00:00:00,,,,,,,,,GR Partially triggered,error,,,,,PO PO-V2SE7PP-20260708-041 not found
General Service,2026,,1012857094,7300063923,,GR Partially triggered,"Beijing Jin Rui Chi  Car  Service Co.,Ltd",Test vehicle film_part2,9570,10144,10161.69,,,,,Zhou Liwei,60473000,2026-03-11 00:00:00,5005373028,2026-03-11 00:00:00,,,,,,,,,GR Partially triggered,error,,,,,PO PO-V2SE7PP-20260708-041 not found
Transportation,2025,,1012859698,,,SC Approved,Beijing Yilu Pingan Automobile Rescue service co.. Ltd.,Trailer inner city,,,,,,2358139.6,,Zhou Liwei,60473000,2025-10-23 00:00:00,,,,,,,,,,,SC Approved,Imported,,,,,
engineering Service,2025,,1012493519,7300062044,,SC Approved,"Zynit China Co., Ltd",Zynit Travel cost part3,,,,1046883.13,1046883.13,1047184.6,,"Sun, Jialing",60473000,2025-05-26 00:00:00,,,2025-07-09 00:00:00,2026-12-31 00:00:00,,,,,,,SC Approved,Imported,,,,,
engineering Service,2025,,1012493519,7300062044,,GR Partially triggered,"Zynit China Co., Ltd",Travel cost_technical support Q2 2025_part2,107970.67924528301,114448.92,115157.14,,,,,"Sun, Jialing",60473000,2025-10-24 00:00:00,5005236828,2025-10-24 00:00:00,,,,,,,,,GR Partially triggered,error,,,,,PO PO-V2SE7PP-20260708-042 not found
engineering Service,2025,,1012493519,7300062044,,GR Partially triggered,"Zynit China Co., Ltd",Travel cost_technical support Q3 2025,185540.79245283018,196673.24,196814.03,,,,,"Sun, Jialing",60473000,2025-12-16 00:00:00,5005300190,2025-12-16 00:00:00,,,,,,,,,GR Partially triggered,error,,,,,PO PO-V2SE7PP-20260708-042 not found
engineering Service,2025,,1012493519,7300062044,,GR Partially triggered,"Zynit China Co., Ltd",Travel cost_technical support_2025.10-11,73084.2924528302,77469.35,77469.35,,,,,"Sun, Jialing",60473000,2025-12-17 00:00:00,5005301722,2025-12-17 00:00:00,,,,,,,,,GR Partially triggered,error,,,,,PO PO-V2SE7PP-20260708-042 not found
engineering Service,2026,,1012493519,7300062044,,GR Partially triggered,"Zynit China Co., Ltd",Travel cost_technical support Dec. 2025,63790.688679245286,67618.13,68047.4,,,,,"Sun, Jialing",60473000,2026-02-12 00:00:00,5005346265,2026-02-12 00:00:00,,,,,,,,,GR Partially triggered,error,,,,,PO PO-V2SE7PP-20260708-042 not found
engineering Service,2026,,1012493519,7300062044,,GR Partially triggered,"Zynit China Co., Ltd",Travel cost_technical support Q1 2026,,60976.39,61766.1,,,,,"Sun, Jialing",60473000,2026-04-23 00:00:00,5005414067,2026-04-23 00:00:00,,,,,,,,,GR Partially triggered,error,,,,,PO PO-V2SE7PP-20260708-042 not found
Transportation,2025,132,1012864325,7300064123,PO,SC Approved,全球国合国际货运（北京）有限公司,Forklift service,,,,9810,9810,9810,,Zhang Jufeng,60473000,2025-10-24 00:00:00,,,2025-11-12 00:00:00,2026-12-31 00:00:00,,,,,,,SC Approved,Imported,,,,,
Transportation,2025,,1012864325,7300064123,,GR Partially triggered,全球国合国际货运（北京）有限公司,Forklift service_Nov.,900,981,981,,,,,Zhang Jufeng,60473000,2025-12-15 00:00:00,5005298520,2025-12-15 00:00:00,,,,,,,,,GR Partially triggered,error,,,,,PO PO-V2SE7PP-20260708-043 not found
Transportation,2025,,1012864325,7300064123,,GR Partially triggered,全球国合国际货运（北京）有限公司,Forklift service_2025.12.01-2025.12.11,900,981,981,,,,,Zhang Jufeng,60473000,2025-12-15 00:00:00,5005298539,2025-12-15 00:00:00,,,,,,,,,GR Partially triggered,error,,,,,PO PO-V2SE7PP-20260708-043 not found
Transportation,2025,,1012864325,7300064123,,GR Partially triggered,全球国合国际货运（北京）有限公司,Forklift service_2026.01.01-2026.01.31,900,981,981,,,,,Zhang Jufeng,60473000,2026-02-28 00:00:00,5005362036,2026-02-28 00:00:00,,,,,,,,,GR Partially triggered,error,,,,,PO PO-V2SE7PP-20260708-043 not found
Transportation,2026,,1012864325,7300064123,,GR Partially triggered,全球国合国际货运（北京）有限公司,Forklift service_2026.03,1800,1962,1962,,,,,Zhang Jufeng,60473000,2026-04-14 00:00:00,5005403717,,,,,,,,,,GR Partially triggered,error,,,,,PO PO-V2SE7PP-20260708-043 not found
Transportation,,,1012864325,7300064123,,GR Partially triggered,全球国合国际货运（北京）有限公司,Forklift service_April 2026,1799.9999999999998,1962,1962,,,,,Zhang Jufeng,60473000,2026-06-10 00:00:00,5005443158,,,,,,,,,,GR Partially triggered,error,,,,,PO PO-V2SE7PP-20260708-043 not found
Import&Export&cusoms clearance,2025,,1012871023,7300064127,,SC Approved,"HUAYING (Beijing) International Shipping Agency Co.,ltd",temporary import service,,,,,,36254,,Zhou Liwei,60473000,2025-10-28 00:00:00,,,2025.11.1,2026.12.31,,,,,,,SC Approved,Imported,,,,,
Import&Export&cusoms clearance,2025,,1012913993,7300064130,,SC Approved,CTS International Logistics Corporation Limited-Beijingbranch,Measurement Eqpt. retention& declaration,,,,,,6150.6,,Zhou Liwei,60473000,2025-11-12 00:00:00,,,,,,,,,,,SC Approved,Imported,,,,,
Fix asset,2025,,1013030507,,,SC Approved,,12xzelda module V2 CANFD for OTA test,,,,,,406800,,"Sun, Jialing",60473000,2025-12-23 00:00:00,,,,,,,,"4301011246, 4301011247,4301011248-4301011257",,,SC Approved,Skipped,Vendor is empty,,,,
Fix asset,2025,,1013030618,,,SC Approved,,3xtttech data logger set for OTA test,,,,,,548633.88,,"Sun, Jialing",60473000,2025-12-23 00:00:00,,,,,,,,"4301011258,4301011259,4301011260",,,SC Approved,Skipped,Vendor is empty,,,,
Driver,2025,,1013031414,7300065467,PO,SC Approved,"BeijingJinTianShunDaBusinessServiceCo.,Ltd",test driver real cost,,,,1448754.5,1448754.5,2500000,,Zhou Liwei,60473000,2025-12-26 00:00:00,,,2026.1.1,2027.12.31,,,,,,,SC Approved,Imported,,,,,
Driver,,,1013031414,7300065467,,GR Partially triggered,"BeijingJinTianShunDaBusinessServiceCo.,Ltd",test driver real cost 2025.05-2025.12,,443505.62,444767.63,,,,,Zhou Liwei,60473000,2026-04-21 00:00:00,5005411144,2026-04-21 00:00:00,,,,,,,,,GR Partially triggered,error,,,,,PO PO-V2SE7PP-20260708-046 not found
Others,2026,,1013035374,7300065042,,Finish,BeijingCEFOC-CAREfacilitymanagementco.Ltd,Power System renovation V-Labs Workshop,,,2489.3,0,2489.3,2489.3,,"Sun, Jialing",60473000,2026-01-07 00:00:00,5005333432,2026-01-30 00:00:00,,,,,,,,,Finish,error,,,,,PO PO-V2SE7PP-20260708-047 not found
Import&Export&cusoms clearance,2026,,1013035389,7300065021,,Finish,德迅（中国）货运代理有限公司,"Internal Tranport,export and import of 1xengine BJ-Göyr, Göyr-BJ",,68510,68578.09,0,71510,71510,,"Sun, Jialing",60473000,2026-01-07 00:00:00,5005412339,2026-04-22 00:00:00,2026-01-15 00:00:00,2026-12-31 00:00:00,,,,,,,Finish,error,,,,,PO PO-V2SE7PP-20260708-048 not found
Test car rental,2026,,1013035439,7300065725,PO under FC,SC Approved,"BeijingJinTianShunDaBusinessServiceCo.,Ltd",Test car rental  service 2026,,,,,,1230142.41,,"Ye, Xiaorui",60473000,2026-01-07 00:00:00,,,,2028-12-31 00:00:00,,,,System No.:7600050855,,,SC Approved,Imported,,,,,
Testing support,2026,106,1013048380,7300065724,PO under FC,SC Approved,"Capgemini(China) Co.,Ltd",Test station and workshop in Hefei (TCA),,,,,,"1,851,365.47",,"Sun, Jialing",60473000,2026-01-16 00:00:00,,,,,,,,,,,SC Approved,Imported,,,,,
engineering Service,2026,,1013051045,7300065370,PO under FC,SC Approved,"Zynit China Co., Ltd",Whole vehicle synergy project contract extension,,,,5301104.44,5301104.44,5301104.44,,"Sun, Jialing",60473000,2025-01-19 00:00:00,,,2025-12-01 00:00:00,2026-12-31 00:00:00,,,,,,,SC Approved,Imported,,,,,
engineering Service,2026,,1013051045,7300065370,,GR Partially triggered,"Zynit China Co., Ltd",Workshop support service Dec. 2025_FSE Velabs+FSE&localsupport to Nevco &Cariad,,,582444.09,,,,,"Sun, Jialing",60473000,2026-04-23 00:00:00,5005414048,2026-04-23 00:00:00,,,,,,,,,GR Partially triggered,error,,,,,PO PO-V2SE7PP-20260708-051 not found
engineering Service,2026,,1013051045,7300065370,,GR Partially triggered,"Zynit China Co., Ltd",FSE WK support service Q1 2026,,,1704002.12,,,,,"Sun, Jialing",60473000,2026-06-08 00:00:00,5005457137,2026-06-08 00:00:00,,,,,,,,,GR Partially triggered,error,,,,,PO PO-V2SE7PP-20260708-051 not found
General Service,2026,126,1013077596,7300065197,PO,PO Approved,北京博广嘉业企业管理发展有限公司,751 forklift service,,,,52004,52004,52004,,"Sun, Jialing",60473000,2026-01-27 00:00:00,,,2026-02-04 00:00:00,2026-12-31 00:00:00,,,,,,,PO Approved,Imported,,,,,
engineering Service,2026,,1013116153,7300065799,PO under FC,SC Approved,Segula Technologies Wuhan Co.Ltd,Mechanics,,,,,,1161496.98,,"Sun, Jialing",60473000,2026-02-05 00:00:00,,,2025-12-31 00:00:00,2028-12-31 00:00:00,,,,,,,SC Approved,Imported,,,,,
Test car rental,2026,,1013125554,7300065294,,Finish,"BeijingJinTianShunDaBusinessServiceCo.,Ltd",Test Car Rental_EG-U,,,55915.56,0,55915.56,55915.56,,"Ye, Xiaorui",60473000,2026-02-09 00:00:00,5005414078,2026-04-23 00:00:00,,2028-12-31 00:00:00,,,,,,,Finish,error,,,,,PO PO-V2SE7PP-20260708-054 not found
Import&Export&cusoms clearance,2026,,1013125703,7300066131,PO under FC,PO Approved,"HUAYING (Beijing) International Shipping Agency Co.,ltd",tempory import & export 2026.2.09-2027.2.26,,,,491440,491440,491440,,Zhou Liwei,60473000,2026-02-09 00:00:00,,,2026.1.1,2028.12.31,,,,,,,PO Approved,Imported,,,,,
Import&Export&cusoms clearance,2026,,1013125703,7300066131,,GR Partially triggered,"HUAYING (Beijing) International Shipping Agency Co.,ltd",tempory import & export Q1 2026,,111301.27,111556.88,,,,,Zhou Liwei,60473000,2026-06-29 00:00:00,5005478264,2026-06-29 00:00:00,,,,,,,,,GR Partially triggered,error,,,,,PO PO-V2SE7PP-20260708-055 not found
Import&Export&cusoms clearance,2026,,1013130236,7300065365,,Finish,CTS International Logistics Corporation Limited-Beijingbranch,TF052/TF053 Import Duty and VAT,,,65086.29,0,65086.29,65086.29,,Zhou Liwei,60473000,2026-02-10 00:00:00,5005371616,2026-03-10 00:00:00,,,,,,,,,Finish,error,,,,,PO PO-V2SE7PP-20260708-056 not found
Test car rental,2026,,1013130300,7300065492,PO under FC,SC Approved,"BeijingJinTianShunDaBusinessServiceCo.,Ltd",Call-off for TO test car rental,,,,,,223662.26,,"Ye, Xiaorui",60473000,2026-02-10 00:00:00,,,,2028-12-31 00:00:00,,,,,,,SC Approved,Imported,,,,,
Import&Export&cusoms clearance,2026,,1013190768,7300065332,,Finish,CTS International Logistics Corporation Limited-Beijingbranch,TF071 Import Duty and VAT,,,8824.63,0,8824.63,8824.63,,Zhou Liwei,60473000,2026-02-28 00:00:00,5005371607,2026-03-10 00:00:00,,,,,,,,,Finish,error,,,,,PO PO-V2SE7PP-20260708-058 not found
Testing support,2026,,1013190772,7300065481,PO under FC,SC Approved,ShanghaiZhongchengAutomotive,Call-off from FC Whole vehicle road test-7600051497,,,,0,496928,496928,,"Ye, Xiaorui",60473000,2026-02-28 00:00:00,,,,2027-02-04 00:00:00,,,,,,,SC Approved,Imported,,,,,
Testing support,2026,,1013190772,7300065481,,GR Partially triggered,ShanghaiZhongchengAutomotive,Road test service_2025.12.31-2026.03.31,,,409264.94,,,,,"Ye, Xiaorui",60473000,2026-04-16 00:00:00,5005407263,2026-04-16 00:00:00,,2027-02-04 00:00:00,,,,,,,GR Partially triggered,error,,,,,PO PO-V2SE7PP-20260708-059 not found
Testing support,2026,,1013190772,7300065481,PO under FC,Finish,ShanghaiZhongchengAutomotive,Road Test service for Apr. 2026_part 1,,,86814,,,,,"Ye, Xiaorui",60473000,2026-06-24 00:00:00,5005474305,2026-06-24 00:00:00,,2027-02-04 00:00:00,,,,,,,Finish,error,,,,,PO PO-V2SE7PP-20260708-059 not found
Test car rental,2026,,1013191292,7300065383,PO under FC,SC Approved,"BeijingJinTianShunDaBusinessServiceCo.,Ltd",Call-off 7600050855_Test car rental-EX,,,,,,27957.78,,"Ye, Xiaorui",60473000,2026-03-02 00:00:00,,,,2028-12-31 00:00:00,,,,,,,SC Approved,Imported,,,,,
engineering Service,2026,,1013206038,,PO,SC Approved,Segula Technologies Wuhan Co.Ltd,Business trip cost for Mechanics 05.03.2026-04.03.2027,,,,,,136253.38,,"Sun, Jialing",60473000,2026-03-05 00:00:00,,,2026-03-05 00:00:00,2027-03-04 00:00:00,,,,,,,SC Approved,Imported,,,,,
Import&Export&cusoms clearance,2026,104,1013209949,7300065398,PO under FC,SC Approved,港中旅华贸国际物流股份有限公司北京分公司,CTS Cargo customs clearance_AC202601-09,,,,30000,30000,30000,,"Su, Tong",60473000,2026-03-06 00:00:00,,,2026-03-01 00:00:00,2027-09-30 00:00:00,60 Days,"Song, Juan",,N,,,SC Approved,Imported,,,,,
Import&Export&cusoms clearance,2026,104,1013209949,7300065398,,GR Partially triggered,港中旅华贸国际物流股份有限公司北京分公司,CTS cargo customs clearing service_2026.3.15-5.26,7000,7420,7440,,,,,"Su, Tong",60473000,2026-06-12 00:00:00,5005462395,2026-06-12 00:00:00,2026-03-01 00:00:00,2027-09-30 00:00:00,60 Days,"Song, Juan",,,,,GR Partially triggered,error,,,,,PO PO-V2SE7PP-20260708-061 not found
Import&Export&cusoms clearance,2026,105,1013232570,7300065448,PO,SC Approved,中外运－敦豪国际航空快件有限公司北京分公司,DHL Express Duty Tax Processing - Class C shipment,,,,12000,12000,12000,,"Su, Tong",60473000,2026-03-13 00:00:00,,,2026-03-17 00:00:00,2027-03-17 00:00:00,monthly,,,,,,SC Approved,Imported,,,,,
Import&Export&cusoms clearance,2026,,1013232570,7300065448,,GR Partially triggered,中外运－敦豪国际航空快件有限公司北京分公司,DHL Duty&TAX Proc._C class shipment_2026.3.1-2026.4.1,956.5,1013.89,1020,,,,,"Su, Tong",60473000,2026-04-08 00:00:00,5005398661,,2026-03-17 00:00:00,2027-03-17 00:00:00,monthly,,,,,,GR Partially triggered,error,,,,,PO PO-V2SE7PP-20260708-062 not found
Import&Export&cusoms clearance,2026,,1013232570,7300065448,,GR Partially triggered,中外运－敦豪国际航空快件有限公司北京分公司,DHL Duty&TAX Proc._C class shipment_2026.4.1-2026.5.1,,,120,,,,,"Su, Tong",60473000,2026-05-11 00:00:00,5005429875,,2026-03-17 00:00:00,2027-03-17 00:00:00,monthly,,,,,,GR Partially triggered,error,,,,,PO PO-V2SE7PP-20260708-062 not found
Test car rental,2026,,1013249985,7300065901,PO under FC,SC Approved,"BeijingJinTianShunDaBusinessServiceCo.,Ltd",Call-off FC7600050855_Test Car Rental_EV-V-MBB+ODP,,,,503240.08,503240.08,503240.08,,"Ye, Xiaorui",60473000,2026-03-19 00:00:00,,,,2028-12-31 00:00:00,,,,,,,SC Approved,Imported,,,,,
Test car rental,2026,,1013249985,7300065901,,GR Partially triggered,"BeijingJinTianShunDaBusinessServiceCo.,Ltd",Test car rental service_EV-V,,111192,111831.13,,,,,"Ye, Xiaorui",60473000,2026-04-23 00:00:00,5005414153,2026-04-23 00:00:00,,2028-12-31 00:00:00,,,,,,,GR Partially triggered,error,,,,,PO PO-V2SE7PP-20260708-063 not found
Test car rental,2026,,1013250014,7300065797,PO under FC,SC Approved,"BeijingJinTianShunDaBusinessServiceCo.,Ltd",Call-off FC7600050855_Test Car Rental_EX2026,,,,,475282.29,475282.29,,"Ye, Xiaorui",60473000,2026-03-19 00:00:00,,,,2028-12-31 00:00:00,,,,,,,SC Approved,Imported,,,,,
Test car rental,2026,,1013250041,7300065504,,Finish,"BeijingJinTianShunDaBusinessServiceCo.,Ltd",Call-off FC7600050855_Test Car Rental_GM,,20114,27957.78,0,27957.78,27957.78,,"Ye, Xiaorui",60473000,2026-03-19 00:00:00,5005414136,2026-04-23 00:00:00,,2028-12-31 00:00:00,,,,,,,Finish,error,,,,,PO PO-V2SE7PP-20260708-065 not found
Dealers,2025,75,1011953039,7300058726,PO,SC Approved,北京华阳奥通汽车销售服务有限公司,FAW - AUDI maintenance spare parts,,,,391236.99000000005,623982.28,623982.28,"Li, Zheng","Su, Tong",60473000,2024-10-28 00:00:00,,,2025-02-21 00:00:00,2026-02-21 00:00:00,Quarterly,"Zhang, Te",,N,,,SC Approved,Imported,,,,,
Dealers,2025,,1011953039,7300058726,,GR Partially triggered,北京华阳奥通汽车销售服务有限公司,FAW - AUDI maintenance spare Q1,30372.57,34321,34942.99,,,,"Li, Zheng","Su, Tong",60473000,2025-05-22 00:00:00,5005092695,2025-05-22 00:00:00,2025-02-21 00:00:00,2026-02-21 00:00:00,Quarterly,"Zhang, Te",,N,,,GR Partially triggered,error,,,,,PO PO-V2SE7PP-20260708-066 not found
Dealers,2025,,1011953039,7300058726,,GR Partially triggered,北京华阳奥通汽车销售服务有限公司,FAW - AUDI maintenance spare Q2,54665.49,61772,61774.22,,,,"Li, Zheng","Su, Tong",60473000,2025-09-04 00:00:00,5005187394,2025-09-04 00:00:00,2025-02-21 00:00:00,2026-02-21 00:00:00,Quarterly,"Zhang, Te",,N,,,GR Partially triggered,error,,,,,PO PO-V2SE7PP-20260708-066 not found
Dealers,2025,,1011953039,7300058726,,GR Partially triggered,北京华阳奥通汽车销售服务有限公司,FAW - AUDI maintenance spare 9.20-11.20,63450.31,71698.81,71757.93,,,,"Li, Zheng/Su, Tong","Su, Tong",60473000,2025-11-26 00:00:00,5005273852,2025-11-26 00:00:00,2025-02-21 00:00:00,2026-02-21 00:00:00,Quarterly,"Zhang, Te",,N,,,GR Partially triggered,error,,,,,PO PO-V2SE7PP-20260708-066 not found
Dealers,2026,,1011953039,7300058726,,Finish,北京华阳奥通汽车销售服务有限公司,FAW - AUDI maintenance spare 2025.10.30-2026.02.26,56724.03,64098.16,64270.15,,,,"Li, Zheng/Su, Tong","Su, Tong",60473000,2026-03-11 00:00:00,5005372985,2026-03-11 00:00:00,2025-02-21 00:00:00,2026-02-21 00:00:00,Quarterly,"Zhang, Te",,N,,,Finish,error,,,,,PO PO-V2SE7PP-20260708-066 not found
Dealers,2025,79,1011957179,7300058725,PO,PO Approved,北京中进锦旺汽车销售服务有限公司,SAIC - VW Spare parts and maintenance services,,,,426610.49,578063,580000,"Li, Zheng","Su, Tong",60473000,2024-10-29 00:00:00,,,2025-01-15 00:00:00,2026-01-15 00:00:00,Quarterly,"Zhang, Te",,,,,PO Approved,Imported,,,,,
Dealers,2025,,1011957179,7300058725,,GR Partially triggered,北京中进锦旺汽车销售服务有限公司,SAIC - VW Spare parts and maintenance services_Q1,14459.71,16339.47,16763.83,,,,"Li, Zheng","Su, Tong",60473000,2025-04-22 00:00:00,5005062544,2025-04-22 00:00:00,2025-01-15 00:00:00,2026-01-15 00:00:00,Quarterly,"Zhang, Te",,,,,GR Partially triggered,error,,,,,PO PO-V2SE7PP-20260708-067 not found
Dealers,2025,,1011957179,7300058725,,GR Partially triggered,北京中进锦旺汽车销售服务有限公司,SAIC - VW Spare parts and maintenance services_Q2,24939.74,28181.91,28325.09,,,,"Li, Zheng","Su, Tong",60473000,2025-08-18 00:00:00,5005171155,2025-08-18 00:00:00,2025-01-15 00:00:00,2026-01-15 00:00:00,Quarterly,"Zhang, Te",,,,,GR Partially triggered,error,,,,,PO PO-V2SE7PP-20260708-067 not found
Dealers,2025,,1011957179,7300058725,,GR Partially triggered,北京中进锦旺汽车销售服务有限公司,SAIC - VW Spare parts and maintenance services_July-Nov.2025,70082.27,79192.96,79194.63,,,,"Li, Zheng/Su, Tong","Su, Tong",60473000,2025-11-28 00:00:00,5005276777,2025-11-28 00:00:00,2025-01-15 00:00:00,2026-01-15 00:00:00,Quarterly,"Zhang, Te",,,,,GR Partially triggered,error,,,,,PO PO-V2SE7PP-20260708-067 not found
Dealers,2026,,1011957179,7300058725,,Finish,北京中进锦旺汽车销售服务有限公司,SAIC - VW Spare parts and maintenance services_2025.11.04-2026.01.14,23742.65,26829.19,27168.96,,,,"Li, Zheng/Su, Tong","Su, Tong",60473000,2026-03-11 00:00:00,5005372928,2026-03-11 00:00:00,2025-01-15 00:00:00,2026-01-15 00:00:00,Quarterly,"Zhang, Te",,,,,Finish,error,,,,,PO PO-V2SE7PP-20260708-067 not found
Harness,2025,82,1011982673,7300058724,PO,PO Approved,廊坊开发区欧特克精密电子线束制造有限公司,Raw Materials of Wire Harness Production,,,,424243.01,495611,512268.11,Lizheng,"Su, Tong",60473000,2024-11-07 00:00:00,,,2025-01-01 00:00:00,2025-12-31 00:00:00,Quarterly,"Zhang, Te",,N,,,PO Approved,Imported,,,,,
Harness,2025,,1011982673,7300058724,,GR Partially triggered,廊坊开发区欧特克精密电子线束制造有限公司,Test WK Supplies_Dec.2024-Aug.2025_part2,12111.725663716816,13686.25,13877.11,,,,"Li, Zheng/Su Tong","Su, Tong",60473000,2025-12-09 00:00:00,5005289367,2025-12-09 00:00:00,2025-01-01 00:00:00,2025-12-31 00:00:00,Quarterly,,,N,,,GR Partially triggered,error,,,,,PO PO-V2SE7PP-20260708-068 not found
Harness,2025,,1011982673,7300058724,,GR Partially triggered,廊坊开发区欧特克精密电子线束制造有限公司,Slope anti slip board,2710,3062,3469.28,,,,"Li, Zheng/Su Tong","Su, Tong",60473000,2025-10-10 00:00:00,5005291470,2025-10-10 00:00:00,2025-01-01 00:00:00,2025-12-31 00:00:00,Quarterly,,,N,,,GR Partially triggered,error,,,,,PO PO-V2SE7PP-20260708-068 not found
Harness,2025,,1011982673,7300058724,,Finish,廊坊开发区欧特克精密电子线束制造有限公司,Raw Materials of Wire Harness Production_2025.9.16-2026.1.30,47597.68,53785.38,54021.6,,,,"Li, Zheng/Su Tong","Su, Tong",60473000,2026-02-10 00:00:00,5005343412,2026-02-10 00:00:00,2025-01-01 00:00:00,2025-12-31 00:00:00,Quarterly,,,N,,,Finish,error,,,,,PO PO-V2SE7PP-20260708-068 not found
Testing support,2026,,1013286042,7300066019,PO under FC,SC Approved,ShanghaiZhongchengAutomotive,Call-off from FC Whole Vehicle road test-7600051497,,,,1339522.64,1339522.64,1339522.64,,"Ye, Xiaorui",60473000,2026-04-01 00:00:00,,,,2027-02-04 00:00:00,,,,,#REF!,,SC Approved,Imported,,,,,
Testing support,2026,,1013286042,7300066019,,GR Partially triggered,ShanghaiZhongchengAutomotive,Road Test service for Apr. 2026_part 2,,,200061.43,,,,,"Ye, Xiaorui",60473000,2026-06-24 00:00:00,5005474307,2026-06-24 00:00:00,,2027-02-04 00:00:00,,,,,,,GR Partially triggered,error,,,,,PO PO-V2SE7PP-20260708-069 not found
engineering Service,2026,97,1013285962,7300065836,PO under FC,SC Approved,"Porsche Engineering Co., Ltd.",C/EG Vehicle software refresh and debug-7600051926,,,,,,3097055,,"Sun, Jialing",60473000,2026-04-02 00:00:00,,,2025-12-31 00:00:00,2028-12-31 00:00:00,,,,,FC 7600051926,,SC Approved,Imported,,,,,
Test car rental,2026,,1013288468,Pending by Liu Jia,PO under FC,SC Pending,"BeijingJinTianShunDaBusinessServiceCo.,Ltd",Test Car Rental_GF_2Q5L_Call-off FC7600050855_,,,,,,531197.86,,"Ye, Xiaorui",60473000,2026-04-02 00:00:00,,,,2028-12-31 00:00:00,,,,,,,SC Pending,Imported,,,,,
Parts,2026,,1013289153,7300065843,PO,SC Approved,麦格纳斯太尔汽车技术（上海）有限公司,CATL LFP battery storage and transport,,,,,,62487,,"Su, Tong",60473000,2026-04-02 00:00:00,,,2026-04-10 00:00:00,2027-04-10 00:00:00,one-time,,,,,,SC Approved,Imported,,,,,
General Service,2026,,1013289174,7300065794,PO,SC Approved,"Beijing Jin Rui Chi  Car  Service Co.,Ltd",car washing & workshop floor cleaning,,,,,,44901.6,,Zhou Liwei,60473000,2026-04-02 00:00:00,,,2026.1.1,2026.12.31,,,,,,,SC Approved,Imported,,,,,
Fix asset,2026,,1013319923,,PO,SC Approved,,3xtttech data logger set for OTA test,,,,,,548633.88,,"Sun, Jialing",60473000,2026-04-16 00:00:00,,,,,,,,"4301011262,4301011263,4301011264",#REF!,,SC Approved,Skipped,Vendor is empty,,,,
Fix asset,2026,,1013319977,,PO,SC Approved,,12xzelda modules V2 LIN for OTA test,,,,,,406800,,"Sun, Jialing",60473000,2026-04-16 00:00:00,,,,,,,,4301011265-4301011276,,,SC Approved,Skipped,Vendor is empty,,,,
Materials,2026,,1013338438,7300066006,,Finish,Vesmar (Beijing) Technical Consulting Co. Ltd,2xArduino Nano R3 & 2xArduino Motor Shield R3,,,1091.58,0,1091.58,1091.58,,"Sun, Jialing",60473000,2026-04-23 00:00:00,5005443137,,2026-04-29 00:00:00,2026-12-31 00:00:00,,,,,,,Finish,error,,,,,PO PO-V2SE7PP-20260708-073 not found
Import&Export&cusoms clearance,2026,,1013338465,7300065986,,SC Approved,"Beijing Motivation Infinity International Logistics Co.,Ltd",Cancle & verficatiion for testing car,,,,73140,73140,73140,,Zhou Liwei,60473000,2026-04-24 00:00:00,,,2026.1.1,2027.12.31,,,,,,,SC Approved,Imported,,,,,
Import&Export&cusoms clearance,2026,,1013338465,7300065986,,GR Partially triggered,"Beijing Motivation Infinity International Logistics Co.,Ltd",cancle&verficatiion for testing car_Q1,7000,7420,7460.28,,,,,Zhou Liwei,60473000,2026-05-26 00:00:00,5005443156,2026-05-26 00:00:00,,,,,,,,,GR Partially triggered,error,,,,,PO PO-V2SE7PP-20260708-074 not found
Import&Export&cusoms clearance,2026,114,1013331424,7300065987,PO,PO Approved,敦豪全球货运（中国）有限公司北京分公司,Electric Drive Export,,,,30000,30000,30000,,"Su, Tong",60473000,2026-04-21 00:00:00,,,2026-04-24 00:00:00,2027-04-24 00:00:00,one-time,,,N,,,PO Approved,Imported,,,,,
Import&Export&cusoms clearance,2026,,1013331424,7300065987,,GR Partially triggered,敦豪全球货运（中国）有限公司北京分公司,Electric Drive Export 4.16-2026.5.31,,,27480,,,,,"Su, Tong",60473000,2026-05-21 00:00:00,5005442007,2026-05-21 00:00:00,2026-04-24 00:00:00,2027-04-24 00:00:00,one-time,,,,,,GR Partially triggered,error,,,,,PO PO-V2SE7PP-20260708-075 not found
Dealers,2026,113,1013054070,7300065959,PO,SC Approved,北京中进众旺汽车销售服务有限公司,2026 VW vehicle maintenance&spare parts,,,,,67150,450000,,"Su, Tong",60473000,2025-01-20 00:00:00,,,2026-04-23 00:00:00,2027-04-23 00:00:00,Quarterly,"Zhang, Te",,N,,,SC Approved,Imported,,,,,
Dealers,2026,115,1013054070,7300066020,PO,SC Approved,北京中润发汽车销售服务有限公司,2026 Beijing Audi  vehicle maintenance&spare parts,,,,,168300,450000,,"Su, Tong",60473000,2025-01-20 00:00:00,,,2026-05-07 00:00:00,2027-05-07 00:00:00,Quarterly,"Zhang, Te",,N,,,SC Approved,Imported,,,,,
Dealers,2026,120,1013054070,7300066322,PO,SC Approved,上海冠松华奥汽车销售服务有限公司,4S shop vehicle maintenance & spare parts,,,,,117300,450000,,"Su, Tong",60473000,2025-01-20 00:00:00,,,2026-07-02 00:00:00,2027-07-02 00:00:00,Quarterly,"Zhang, Te",,,,,SC Approved,Imported,,,,,
Parts,2026,116,1013217872,7300065958,Contract,SC Approved,万向一二三股份公司,48V Battery for Test Vehicles,,,,,1021075.15,1021075.15,,"Su, Tong",60473000,2025-01-20 00:00:00,,,2026-04-23 00:00:00,2028-04-23 00:00:00,timely,"Yao, Ying",,N,,,SC Approved,Imported,,,,,
engineering Service,2026,,1013380743,7300066077,PO,SC Approved,Segula Technologies Wuhan Co.Ltd,Additional SC_BT to cover urgent demands,,,,,39919.6,39919.6,,"Sun, Jialing",60473000,,,,2026-05-12 00:00:00,2026-12-31 00:00:00,,,,,#REF!,,SC Approved,Imported,,,,,
Equipment,2026,133,1013392943,7300066132,PO,SC Approved,北京英之杰天祥汽车技术服务有限公司,wheel alignment sofeware installation and service fee,,,,,,1500,,Zhang Jufeng,60473000,2026-05-13 00:00:00,,,2026-05-21 00:00:00,2026-07-31 00:00:00,,,,,,,SC Approved,Imported,,,,,
Parts,2026,118,1013392845,7300066134,PO,SC Approved,上海圆迈贸易有限公司,稳峰智能蓄电池充电器MXS5.0T 12V,,,,,,19029.7,,"Su, Tong",60473000,2026-05-15 00:00:00,,,2026-05-21 00:00:00,2027-05-21 00:00:00,one-time,,,N,,,SC Approved,Imported,,,,,
Test car rental,2026,,1013392863,Pending by Liu Jia,PO under FC,SC Pending,"BeijingJinTianShunDaBusinessServiceCo.,Ltd",Call-off 7600050855_Test Car rental-EG-U_EI,,,,,,615071.2,,"Ye, Xiaorui",60473000,2026-05-15 00:00:00,,,,2028-12-31 00:00:00,,,,,,,SC Pending,Imported,,,,,
Import&Export&cusoms clearance,2026,,1013392876,7300066133,PO,PO Approved,"COSCO SHIPPING AIR FREIGHT CO., LTD",AUDI E5 export extension service,,,,,1749,1749,,"Ye, Xiaorui",60473000,2026-05-15 00:00:00,,,2026-01-01 00:00:00,2028-12-31 00:00:00,,,,,,,PO Approved,Imported,,,,,
Test car rental,2026,,1013414638,Pending by Johannes Thole,PO under FC,SC Pending,"BeijingJinTianShunDaBusinessServiceCo.,Ltd",Call-off 7600050855_Test Car rental-VM-GC,,,,,,307535,,"Ye, Xiaorui",60473000,2026-05-26 00:00:00,,,,2028-12-31 00:00:00,,,,,,,SC Pending,Imported,,,,,
engineering Service,2026,,1013430869,7300066291,PO under FC,SC Approved,"Akkodis Beijing Co., Ltd.",Call-off 7600052179_C/EV Logisitc,,,,,,288320,,"Sun, Jialing",60473000,2026-06-01 00:00:00,,,2025-12-26 00:00:00,2028-12-31 00:00:00,,,,,,,SC Approved,Imported,,,,,
Import&Export&cusoms clearance,2026,130,1013437191,7300066239,,Finish,北京动力无限国际物流有限公司,windshield destroy service,,,3604,0,3604,3604,,Zhang Jufeng,60473000,2026-06-03 00:00:00,5005474218,2026-06-24 00:00:00,2026-06-09 00:00:00,2026-08-31 00:00:00,,,,,,,Finish,error,,,,,PO PO-V2SE7PP-20260708-085 not found
Parts,2026,119,1013444690,7300066250,PO,SC Approved,安波福电气系统有限公司长春分公司,Harness HCP5-preadptor,,,,,,18887.5,,"Su, Tong",60473000,2026-06-03 00:00:00,,,2026-07-04 00:00:00,2027-07-04 00:00:00,one-time,,,,,,SC Approved,Imported,,,,,
General Service,2026,,1013444692,7300066249,,SC Approved,北京泰隆俪印传媒文化有限公司,vehicle book*500,,,,,,2260,,Zhou Liwei,60473000,2026-06-03 00:00:00,,,2026.6.1,2026.12.31,,,,,,,SC Approved,Imported,,,,,
Import&Export&cusoms clearance,2025,127,1012000054,7300058021,,PO Approved,北京动力无限国际物流有限公司,Custom service for cargo import 2025_Parts,,,,70722.57,76956,76956,Zhang Jufeng/Su Tong,Zhang Jufeng,60473000,2024-11-13 00:00:00,,,2024-12-04 00:00:00,2026-03-14 00:00:00,Quarterly,"Song, Juan",,,,,PO Approved,Imported,,,,,
Import&Export&cusoms clearance,2026,,1012000054,7300058021,,GR Partially triggered,北京动力无限国际物流有限公司,Custom service for cargo import 2025/11/21-2026/3/9,4400,4664,4694.32,,,,,Zhang Jufeng,60473000,2026-05-18 00:00:00,5005443160,2026-05-18 00:00:00,,,,,,,,,GR Partially triggered,error,,,,,PO PO-V2SE7PP-20260708-088 not found
Equipment,2026,134,1013462886,7300066345,PO,SC Approved,卡迪斯物流设备（北京）有限公司,Rotating Cabinet Installation(Megmat),,,,,,41202,,Zhang Jufeng,60473000,,,,2026-06-23 00:00:00,2027-06-23 00:00:00,,,,,,,SC Approved,Imported,,,,,
Testing support,2026,,1013476354,7300066347,PO,SC Approved,Vesmar (Beijing) Technical Consulting Co. Ltd,Test station operation and ramping up,,,,,,75790,,"Sun, Jialing",60473000,2026-06-17 00:00:00,,,2026-06-25 00:00:00,2026-12-31 00:00:00,,,,,,,SC Approved,Imported,,,,,
Fix asset,2026,,1013476469,Pending by Christian Mohn,Contract,SC Pending,"Shanghai KeLiang Energy Technology Co., Ltd.",3xset Car Electronics Simulation System LA2500,,,,,,3156537.48,,"Sun, Jialing",60473000,2026-06-17 00:00:00,,,,,,,,"4301011277,4301011278,4301011279",,asset no.:4301011277&4301011278&4301011279,SC Pending,Imported,,,,,
Import&Export&cusoms clearance,2026,,1013480387,7300066348,PO,SC Approved,CTS International Logistics Corporation Limited-Beijingbranch,Tariff advance payment,,,,,,8972.32,,Zhang Jufeng,60473000,2026-06-19 00:00:00,,,,,,,,,,,SC Approved,Imported,,,,,
