sc_no,vendor_id,vendor_name,requester_id,request_type,cost_center,sc_amount,service_period_start,service_period_end,service_scope,description,currency,asset,asset_nums,internal_system_number,calloff_po_id,status,import_error,error_type
1010966046,,"Beijing Motivation Infinity International Logistics Co.,Ltd",U-EZHOLW0,call_off,60473000,14373774.9,2024-01-01 00:00:00,2027.12.31,Import&Export&cusoms clearance,Import &Export service for 2024 and 2025,CNY,N,,N/A,,finished,,
1010998908,,上海圆迈贸易有限公司,U-UJWVFIH,new,60473000,3202469.361,2025-09-10 00:00:00,2026-09-09 00:00:00,Parts,EGW_Maintenance Repair Tools 2023-2025,CNY,N,,,,finished,,
1011106627,,北京市计量检测科学研究院,U-VLLPH0Z,new,60473000,50900,2023-12-19 00:00:00,2026-08-30 00:00:00,Maintenance&Calibration,Tool and equipment calibration,CNY,N,,,,finished,,
1011218432,,"Beijing Jin Rui Chi  Car  Service Co.,Ltd",U-EZHOLW0,new,60473000,179606.4,2024-02-05 00:00:00,2026.13.31,General Service,Car & workshop floor cleaning 01.07.24-30.06.26,CNY,N,,,,finished,,
1011257210,,Beijing Yilu Pingan Automobile Rescue service co.. Ltd.,U-EZHOLW0,new,60473000,214120,2024-06-06 00:00:00,2026.6.30,Transportation,Trailer inner city-Outside of BJ 01.07.24-30.06.26,CNY,N,,,,finished,,
1011340907,,TeamOne(Beijing)EngineeringandConsultingLtd.,U-FPBTMS5,new,60473000,1643000,2024-08-11 00:00:00,2026-08-10 00:00:00,engineering Service,Extension TeamOne contract 2 years,CNY,N,,,,finished,,
1011381813,,Beijing Yilu Pingan Automobile Rescue service co.. Ltd.,U-EZHOLW0,new,60473000,188742,2024-06-05 00:00:00,2026.6.30,Transportation,Inner city charter trailer 01.07.24-30.06.26,CNY,N,,,,finished,,
1011395193,,"ZERO SCM LOGISTICS (BEIJING) CO.,LTD",U-EZHOLW0,call_off,60473000,36259002.6,2024-01-01 00:00:00,2026-09-30 00:00:00,Transportation,Domestic transport_2024.6.1-2026.9.30,CNY,N,,N/A,,finished,,
1011442962,,伟翔联合环保科技发展（北京）有限公司,U-VLLPH0Z,new,60473000,100,2024-04-12 00:00:00,2030-12-31 00:00:00,General Service,confidential components destruction,CNY,N,,,,finished,,
1011794761,,上海晓荣物流有限公司,U-FPBTMS5,call_off,60473000,64000,2024-09-01 00:00:00,2028-12-31 00:00:00,Transportation,DG Transportation for Batteries transportation to VWATJ,CNY,N,,N/A,,finished,,
1012052507,,CTS International Logistics Corporation Limited-Beijingbranch,U-EZHOLW0,new,60473000,1216880,2025-01-23 00:00:00,2026.12.31,Import&Export&cusoms clearance,U-turn service testing vehicle,CNY,N,,,,finished,,
1012113972,,Beijing Yilu Pingan Automobile Rescue service co.. Ltd.,U-EZHOLW0,new,60473000,1398060.5,2025.1.1,2026.6.30,Transportation,trailer inner city,CNY,N,,,,finished,,
1012176900,,廊坊开发区欧特克精密电子线束制造有限公司,U-UJWVFIH,new,60473000,1069556.3,2025-05-13 00:00:00,2026-05-01 00:00:00,Harness,PPEproject_Harnnessprocessing,CNY,N,,,,approved,,
1012335355,,上海本质物流有限公司,U-FPBTMS5,call_off,60473000,900000,2025-11-01 00:00:00,2028-06-30 00:00:00,Transportation,Domestic DG goods Transportation 2025.7.1-2028.06.30,CNY,N,,N/A,,approved,,
1012358305,,上海本质物流有限公司,U-VLLPH0Z,new,60473000,190000,,,Transportation,Additioanl SC for Domestic DG goods Transportation  2025.7.1-2029.12.31,CNY,N,,,,approved,,
1012358257,,"BeijingJinTianShunDaBusinessServiceCo.,Ltd",U-EZHOLW0,new,60473000,6141004,2026.1.1,2027.12.31,Driver,Test driver service from 2025-05-01 to 2028-03-31,CNY,N,,,,approved,,
1012375831,,"BeijingJinTianShunDaBusinessServiceCo.,Ltd",U-FO5LZ6P,call_off,60473000,6993231,,2028-12-31 00:00:00,Test car rental,Contract extension--test vehicle rental,CNY,N,,N/A,,approved,,
1012071353,,"China Security & Protection Group Co.,Ltd",U-EZHOLW0,call_off,60473000,310878,2025.3.15,2028.3.14,Security,Sercurity service for prototype 2025+2026,CNY,N,,N/A,,finished,,
1012412764,,中国平安财产保险股份有限公司北京分公司,U-EZHOLW0,new,60473000,1890200,2025.1.1,2027.4.30,Insurance,Test vehicle insurance 2025.04.23-2026.04.30,CNY,N,,,,approved,,
1011953156,,全球国合国际货运（北京）有限公司,U-FPBTMS5,call_off,60473000,254733,2025-02-01 00:00:00,2028-02-29 00:00:00,Transportation,Domestic general cargo transport_北京&上海出发,CNY,N,,N/A,,approved,,
1012511693,,"BeijingJinTianShunDaBusinessServiceCo.,Ltd",U-EZHOLW0,new,60473000,1414866.8,,,Driver,Test driver service until 01.12.2025,CNY,N,,,,approved,,
1012596000,,"BeijingDongxueDataEngineeringCo,.Ltd",U-EZHOLW0,new,60473000,37500,2025.8.1,2027.12.31,General Service,GPS for test vehicle,CNY,N,,,,approved,,
1012605723,,"Beijing Jin Rui Chi  Car  Service Co.,Ltd",U-EZHOLW0,new,60473000,27984,2025.8.1,2027.12.31,General Service,Test vehicle film,CNY,N,,,,approved,,
1012611581,,"Beijing Konggang Jingfei Automotive Service Co.,Ltd",U-EZHOLW0,new,60473000,14416,2025.7.1,2027.12.31,General Service,change windshield,CNY,N,,,,approved,,
1012632352,,北京动力无限国际物流有限公司,U-VLLPH0Z,new,60473000,27560,2025-07-25 00:00:00,2026-04-13 00:00:00,Import&Export&cusoms clearance,Express Clearance&express&inspection payment,CNY,N,,,,approved,,
1012641412,,"Zhejiang Ruiye Technology Co., Ltd.",U-FPBTMS5,new,60473000,213800,2025-01-27 00:00:00,,Equipment,Firefighting robot 消防机器人,CNY,Fix asset No.: 4301011237,,,,finished,,
1012656949,,"Ping An P&C Insurance Company of China, Ltd. Guangdong Branch",U-EZHOLW0,new,60473000,1770000,2025.8.6,2028.12.31,Insurance,Commercial insurance of test vehicle,CNY,N,,,,approved,,
1012682730,,上海西上海奥杰汽车销售服务有限公司,U-UJWVFIH,new,60473000,60000,2025-10-10 00:00:00,2026-10-10 00:00:00,Dealers,Shanghai test car maintenance service,CNY,N,,,,approved,,
1012764025,,"Zynit China Co., Ltd",U-FPBTMS5,call_off,60473000,2500000,2024-03-04 00:00:00,2026-04-30 00:00:00,engineering Service,Oniste support service for workshop_Zynit_additional call offed SC application,CNY,N,,7600041377,7600041377,approved,,
1012830074,,ShanghaiZhongchengAutomotive,U-FO5LZ6P,call_off,60473000,47240.6,,2027-02-04 00:00:00,Testing support,Additional Travel Cost for FC7600041849,CNY,N,,7600041849,7600041849,approved,,
1012837833,,万向一二三股份公司,U-UJWVFIH,new,60473000,50850,2025-10-15 00:00:00,2026-06-15 00:00:00,Parts,Q7/Q9 48V battery,CNY,N,,,,finished,,
1012841884,,"Shanghai Xiaorong Logistics Co., Ltd",U-FPBTMS5,new,60473000,116897,2025-10-20 00:00:00,2028-02-28 00:00:00,Transportation,Gen. cargo transport_additional routes until 28.02.2028,CNY,N,,,,finished,,
1012857094,,"Beijing Jin Rui Chi  Car  Service Co.,Ltd",U-EZHOLW0,new,60473000,40810,2025.10.22,2027.12.31,General Service,test vehicle camouflage remove*50,CNY,N,,,,approved,,
1012859698,,Beijing Yilu Pingan Automobile Rescue service co.. Ltd.,U-EZHOLW0,new,60473000,2358139.6,,,Transportation,Trailer inner city,CNY,N,,,,approved,,
1012493519,,"Zynit China Co., Ltd",U-FPBTMS5,new,60473000,1047184.6,2025-07-09 00:00:00,2026-12-31 00:00:00,engineering Service,Zynit Travel cost part3,CNY,N,,,,approved,,
1012864325,,全球国合国际货运（北京）有限公司,U-VLLPH0Z,new,60473000,9810,2025-11-12 00:00:00,2026-12-31 00:00:00,Transportation,Forklift service,CNY,N,,,,approved,,
1012871023,,"HUAYING (Beijing) International Shipping Agency Co.,ltd",U-EZHOLW0,new,60473000,36254,2025.11.1,2026.12.31,Import&Export&cusoms clearance,temporary import service,CNY,N,,,,approved,,
1012913993,,CTS International Logistics Corporation Limited-Beijingbranch,U-EZHOLW0,new,60473000,6150.6,,,Import&Export&cusoms clearance,Measurement Eqpt. retention& declaration,CNY,N,,,,approved,,
1013031414,,"BeijingJinTianShunDaBusinessServiceCo.,Ltd",U-EZHOLW0,new,60473000,2500000,2026.1.1,2027.12.31,Driver,test driver real cost,CNY,N,,,,approved,,
1013035374,,BeijingCEFOC-CAREfacilitymanagementco.Ltd,U-FPBTMS5,new,60473000,2489.3,2026-01-30 00:00:00,,Others,Power System renovation V-Labs Workshop,CNY,N,,,,finished,,
1013035389,,德迅（中国）货运代理有限公司,U-FPBTMS5,new,60473000,71510,2026-01-15 00:00:00,2026-12-31 00:00:00,Import&Export&cusoms clearance,"Internal Tranport,export and import of 1xengine BJ-Göyr, Göyr-BJ",CNY,N,,,,finished,,
1013035439,,"BeijingJinTianShunDaBusinessServiceCo.,Ltd",U-FO5LZ6P,call_off,60473000,1230142.41,,2028-12-31 00:00:00,Test car rental,Test car rental  service 2026,CNY,System No.:7600050855,,7600050855,7600050855,approved,,
1013048380,,"Capgemini(China) Co.,Ltd",U-FPBTMS5,call_off,60473000,1851365.47,,,Testing support,Test station and workshop in Hefei (TCA),CNY,N,,7600050771,7600050771,approved,,
1013051045,,"Zynit China Co., Ltd",U-FPBTMS5,call_off,60473000,5301104.44,2025-12-01 00:00:00,2026-12-31 00:00:00,engineering Service,Whole vehicle synergy project contract extension,CNY,N,,7600051119,7600051119,approved,,
1013077596,,北京博广嘉业企业管理发展有限公司,U-FPBTMS5,new,60473000,52004,2026-02-04 00:00:00,2026-12-31 00:00:00,General Service,751 forklift service,CNY,N,,,,finished,,
1013116153,,Segula Technologies Wuhan Co.Ltd,U-FPBTMS5,call_off,60473000,1161496.98,2025-12-31 00:00:00,2028-12-31 00:00:00,engineering Service,Mechanics,CNY,N,,7600051284,7600051284,approved,,
1013125554,,"BeijingJinTianShunDaBusinessServiceCo.,Ltd",U-FO5LZ6P,new,60473000,55915.56,2026-04-23 00:00:00,2028-12-31 00:00:00,Test car rental,Test Car Rental_EG-U,CNY,N,,,,finished,,
1013125703,,"HUAYING (Beijing) International Shipping Agency Co.,ltd",U-EZHOLW0,call_off,60473000,491440,2026.1.1,2028.12.31,Import&Export&cusoms clearance,tempory import & export 2026.2.09-2027.2.26,CNY,N,,N/A,,finished,,
1013130236,,CTS International Logistics Corporation Limited-Beijingbranch,U-EZHOLW0,new,60473000,65086.29,2026-03-10 00:00:00,,Import&Export&cusoms clearance,TF052/TF053 Import Duty and VAT,CNY,N,,,,finished,,
1013130300,,"BeijingJinTianShunDaBusinessServiceCo.,Ltd",U-FO5LZ6P,call_off,60473000,223662.26,,2028-12-31 00:00:00,Test car rental,Call-off for TO test car rental,CNY,N,,7600050855,7600050855,approved,,
1013190768,,CTS International Logistics Corporation Limited-Beijingbranch,U-EZHOLW0,new,60473000,8824.63,2026-03-10 00:00:00,,Import&Export&cusoms clearance,TF071 Import Duty and VAT,CNY,N,,,,finished,,
1013190772,,ShanghaiZhongchengAutomotive,U-FO5LZ6P,call_off,60473000,496928,,2027-02-04 00:00:00,Testing support,Call-off from FC Whole vehicle road test-7600051497,CNY,N,,7600051497,7600051497,approved,,
1013191292,,"BeijingJinTianShunDaBusinessServiceCo.,Ltd",U-FO5LZ6P,call_off,60473000,27957.78,,2028-12-31 00:00:00,Test car rental,Call-off 7600050855_Test car rental-EX,CNY,N,,7600050855,7600050855,approved,,
1013206038,,Segula Technologies Wuhan Co.Ltd,U-FPBTMS5,new,60473000,136253.38,2026-03-05 00:00:00,2027-03-04 00:00:00,engineering Service,Business trip cost for Mechanics 05.03.2026-04.03.2027,CNY,N,,,,approved,,
1013209949,,港中旅华贸国际物流股份有限公司北京分公司,U-UJWVFIH,call_off,60473000,30000,2026-03-01 00:00:00,2027-09-30 00:00:00,Import&Export&cusoms clearance,CTS Cargo customs clearance_AC202601-09,CNY,N,,N/A,,approved,,
1013232570,,中外运－敦豪国际航空快件有限公司北京分公司,U-UJWVFIH,new,60473000,12000,2026-03-17 00:00:00,2027-03-17 00:00:00,Import&Export&cusoms clearance,DHL Express Duty Tax Processing - Class C shipment,CNY,N,,,,approved,,
1013249985,,"BeijingJinTianShunDaBusinessServiceCo.,Ltd",U-FO5LZ6P,call_off,60473000,503240.08,,2028-12-31 00:00:00,Test car rental,Call-off FC7600050855_Test Car Rental_EV-V-MBB+ODP,CNY,N,,7600050855,7600050855,approved,,
1013250014,,"BeijingJinTianShunDaBusinessServiceCo.,Ltd",U-FO5LZ6P,call_off,60473000,475282.29,,2028-12-31 00:00:00,Test car rental,Call-off FC7600050855_Test Car Rental_EX2026,CNY,N,,7600050855,7600050855,approved,,
1013250041,,"BeijingJinTianShunDaBusinessServiceCo.,Ltd",U-FO5LZ6P,new,60473000,27957.78,2026-04-23 00:00:00,2028-12-31 00:00:00,Test car rental,Call-off FC7600050855_Test Car Rental_GM,CNY,N,,,,finished,,
1011953039,,北京华阳奥通汽车销售服务有限公司,U-UJWVFIH,new,60473000,623982.28,2025-02-21 00:00:00,2026-02-21 00:00:00,Dealers,FAW - AUDI maintenance spare parts,CNY,N,,,,approved,,
1011957179,,北京中进锦旺汽车销售服务有限公司,U-UJWVFIH,new,60473000,580000,2025-01-15 00:00:00,2026-01-15 00:00:00,Dealers,SAIC - VW Spare parts and maintenance services,CNY,N,,,,finished,,
1011982673,,廊坊开发区欧特克精密电子线束制造有限公司,U-UJWVFIH,new,60473000,512268.11,2025-01-01 00:00:00,2025-12-31 00:00:00,Harness,Raw Materials of Wire Harness Production,CNY,N,,,,finished,,
1013286042,,ShanghaiZhongchengAutomotive,U-FO5LZ6P,call_off,60473000,1339522.64,,2027-02-04 00:00:00,Testing support,Call-off from FC Whole Vehicle road test-7600051497,CNY,N,,7600051497,7600051497,approved,,
1013285962,,"Porsche Engineering Co., Ltd.",U-FPBTMS5,call_off,60473000,3097055,2025-12-31 00:00:00,2028-12-31 00:00:00,engineering Service,C/EG Vehicle software refresh and debug-7600051926,CNY,N,,7600051926,7600051926,approved,,
1013288468,,"BeijingJinTianShunDaBusinessServiceCo.,Ltd",U-FO5LZ6P,call_off,60473000,531197.86,,2028-12-31 00:00:00,Test car rental,Test Car Rental_GF_2Q5L_Call-off FC7600050855_,CNY,N,,7600050855,7600050855,approved,,
1013289153,,麦格纳斯太尔汽车技术（上海）有限公司,U-UJWVFIH,new,60473000,62487,2026-04-10 00:00:00,2027-04-10 00:00:00,Parts,CATL LFP battery storage and transport,CNY,N,,,,approved,,
1013289174,,"Beijing Jin Rui Chi  Car  Service Co.,Ltd",U-EZHOLW0,new,60473000,44901.6,2026.1.1,2026.12.31,General Service,car washing & workshop floor cleaning,CNY,N,,,,approved,,
1013338438,,Vesmar (Beijing) Technical Consulting Co. Ltd,U-FPBTMS5,new,60473000,1091.58,2026-04-29 00:00:00,2026-12-31 00:00:00,Materials,2xArduino Nano R3 & 2xArduino Motor Shield R3,CNY,N,,,,finished,,
1013338465,,"Beijing Motivation Infinity International Logistics Co.,Ltd",U-EZHOLW0,new,60473000,73140,2026.1.1,2027.12.31,Import&Export&cusoms clearance,Cancle & verficatiion for testing car,CNY,N,,,,approved,,
1013331424,,敦豪全球货运（中国）有限公司北京分公司,U-UJWVFIH,new,60473000,30000,2026-04-24 00:00:00,2027-04-24 00:00:00,Import&Export&cusoms clearance,Electric Drive Export,CNY,N,,,,finished,,
1013054070,,北京中进众旺汽车销售服务有限公司,U-UJWVFIH,new,60473000,450000,2026-04-23 00:00:00,2027-04-23 00:00:00,Dealers,2026 VW vehicle maintenance&spare parts,CNY,N,,,,approved,,
1013217872,,万向一二三股份公司,U-UJWVFIH,new,60473000,1021075.15,2026-04-23 00:00:00,2028-04-23 00:00:00,Parts,48V Battery for Test Vehicles,CNY,N,,,,approved,,
1013380743,,Segula Technologies Wuhan Co.Ltd,U-FPBTMS5,new,60473000,39919.6,2026-05-12 00:00:00,2026-12-31 00:00:00,engineering Service,Additional SC_BT to cover urgent demands,CNY,N,,,,approved,,
1013392943,,北京英之杰天祥汽车技术服务有限公司,U-VLLPH0Z,new,60473000,1500,2026-05-21 00:00:00,2026-07-31 00:00:00,Equipment,wheel alignment sofeware installation and service fee,CNY,N,,,,approved,,
1013392845,,上海圆迈贸易有限公司,U-UJWVFIH,new,60473000,19029.7,2026-05-21 00:00:00,2027-05-21 00:00:00,Parts,稳峰智能蓄电池充电器MXS5.0T 12V,CNY,N,,,,approved,,
1013392863,,"BeijingJinTianShunDaBusinessServiceCo.,Ltd",U-FO5LZ6P,call_off,60473000,615071.2,,2028-12-31 00:00:00,Test car rental,Call-off 7600050855_Test Car rental-EG-U_EI,CNY,N,,7600050855,7600050855,approved,,
1013392876,,"COSCO SHIPPING AIR FREIGHT CO., LTD",U-FO5LZ6P,new,60473000,1749,2026-01-01 00:00:00,2028-12-31 00:00:00,Import&Export&cusoms clearance,AUDI E5 export extension service,CNY,N,,,,finished,,
1013414638,,"BeijingJinTianShunDaBusinessServiceCo.,Ltd",U-FO5LZ6P,call_off,60473000,307535,,2028-12-31 00:00:00,Test car rental,Call-off 7600050855_Test Car rental-VM-GC,CNY,N,,7600050855,7600050855,approved,,
1013430869,,"Akkodis Beijing Co., Ltd.",U-FPBTMS5,call_off,60473000,288320,2025-12-26 00:00:00,2028-12-31 00:00:00,engineering Service,Call-off 7600052179_C/EV Logisitc,CNY,N,,7600052179,7600052179,approved,,
1013437191,,北京动力无限国际物流有限公司,U-VLLPH0Z,new,60473000,3604,2026-06-09 00:00:00,2026-08-31 00:00:00,Import&Export&cusoms clearance,windshield destroy service,CNY,N,,,,finished,,
1013444690,,安波福电气系统有限公司长春分公司,U-UJWVFIH,new,60473000,18887.5,2026-07-04 00:00:00,2027-07-04 00:00:00,Parts,Harness HCP5-preadptor,CNY,N,,,,approved,,
1013444692,,北京泰隆俪印传媒文化有限公司,U-EZHOLW0,new,60473000,2260,2026.6.1,2026.12.31,General Service,vehicle book*500,CNY,N,,,,approved,,
1012000054,,北京动力无限国际物流有限公司,U-VLLPH0Z,new,60473000,76956,2024-12-04 00:00:00,2026-03-14 00:00:00,Import&Export&cusoms clearance,Custom service for cargo import 2025_Parts,CNY,N,,,,finished,,
1013462886,,卡迪斯物流设备（北京）有限公司,U-VLLPH0Z,new,60473000,41202,2026-06-23 00:00:00,2027-06-23 00:00:00,Equipment,Rotating Cabinet Installation(Megmat),CNY,N,,,,approved,,
1013476354,,Vesmar (Beijing) Technical Consulting Co. Ltd,U-FPBTMS5,new,60473000,75790,2026-06-25 00:00:00,2026-12-31 00:00:00,Testing support,Test station operation and ramping up,CNY,N,,,,approved,,
1013476469,,"Shanghai KeLiang Energy Technology Co., Ltd.",U-FPBTMS5,new,60473000,3156537.48,,,Fix asset,3xset Car Electronics Simulation System LA2500,CNY,"4301011277,4301011278,4301011279",asset no.:4301011277&4301011278&4301011279,,,approved,,
1013480387,,CTS International Logistics Corporation Limited-Beijingbranch,U-VLLPH0Z,new,60473000,8972.32,,,Import&Export&cusoms clearance,Tariff advance payment,CNY,N,,,,approved,,
