po_id,po_no,gr_no,requester_id,estimated_amount,con_value,tax_rate,goods_service_description,confirmation_name,delivery_from,delivery_to,last_delivery,status,is_cancellation,import_error,error_type
PO-V2SE7PP-20260709-010,7300050951,5004732642,U-EZHOLW0,1113604.45,1125493.7,,Import &Export service_Q1 2024,,2024-06-20 00:00:00,,,approved,N,,
PO-V2SE7PP-20260709-010,7300050951,5004829617,U-EZHOLW0,688205.04,691568.42,,Import &Export service_Q2 2024 FC,,2024-09-10 00:00:00,,,approved,N,,
PO-V2SE7PP-20260709-010,7300050951,5004917761,U-EZHOLW0,1211667.48,1220414.85,,Import &Export service_Q3 2024 FC,,2024-11-29 00:00:00,,,approved,N,,
PO-V2SE7PP-20260709-010,7300050951,5004935540,U-EZHOLW0,374634.41,406804.95,,Import &Export service_Q4 part 1,,2024-12-11 00:00:00,,,approved,N,,
PO-V2SE7PP-20260709-010,7300050951,5005025189,U-EZHOLW0,636471.9,637327.76,,test car import/export_Q4 part2_Provision,,2024-03-14 00:00:00,,,approved,N,,
PO-V2SE7PP-20260709-010,7300050951,5005092387,U-EZHOLW0,809207.78,867850.56,,BMI test car import/export——Q1 2025,,2025-05-22 00:00:00,,,approved,N,,
PO-V2SE7PP-20260709-010,7300050951,5005195624,U-EZHOLW0,880455.04,935651.39,,BMI test car import/export——Q2 2025,,2025-09-12 00:00:00,,,approved,N,,
PO-V2SE7PP-20260709-010,7300050951,5005247300,U-EZHOLW0,1232534.08,1315336.01,,BMI test car import/export——Q3 2025,,2025-11-05 00:00:00,,,approved,N,,
PO-V2SE7PP-20260709-010,7300050951,5005298167,U-EZHOLW0,796934.8,800049.74,,BMI test car import/export—2025 10-11,,2025-12-15 00:00:00,,,approved,N,,
PO-V2SE7PP-20260709-010,7300050951,5005346430,U-EZHOLW0,104829,108481.32,,BMI test car import/export—2025 12,,2026-02-12 00:00:00,,,approved,N,,
PO-V2SE7PP-20260709-011,7300050814,5004826587,U-UJWVFIH,544.15,1431.96,,EGW_Maintenance Repair Tools,,2025-09-10 00:00:00,2026-09-09 00:00:00,,approved,N,,
PO-V2SE7PP-20260709-011,7300050814,5004844460,U-UJWVFIH,509.4,1431.96,,EGW_Maintenance Repair Tools,,2025-09-10 00:00:00,2026-09-09 00:00:00,,approved,N,,
PO-V2SE7PP-20260709-011,7300050814,5004893259,U-UJWVFIH,31824.69,37231.02,,EGW_Maintenance Repair Tools,,2025-09-10 00:00:00,2026-09-09 00:00:00,,approved,N,,
PO-V2SE7PP-20260709-011,7300050814,5004903413,U-UJWVFIH,113944.27,128876.61,,EGW_Maintenance Repair Tools_Nov.,,2025-09-10 00:00:00,2026-09-09 00:00:00,,approved,N,,
PO-V2SE7PP-20260709-011,7300050814,5004935223,U-UJWVFIH,10083.05,11455.7,,EGW_Maintenance Repair Tools_Nov. part2,,2025-09-10 00:00:00,2026-09-09 00:00:00,,approved,N,,
PO-V2SE7PP-20260709-011,7300050814,5005004700,U-UJWVFIH,84338.96,95941.47,,EGW_Maintenance Repair Tools Jan 2025,,2025-09-10 00:00:00,2026-09-09 00:00:00,,approved,N,,
PO-V2SE7PP-20260709-011,7300050814,5005062571,U-UJWVFIH,5895.672566371682,7159.81,,EGW_Maintenance Repair Tools Jan_Part2 2025,,2025-09-10 00:00:00,2026-09-09 00:00:00,,approved,N,,
PO-V2SE7PP-20260709-011,7300050814,5005062588,U-UJWVFIH,11102.5,12887.66,,EGW_Maintenance Repair Tools Feb. 2025,,2025-09-10 00:00:00,2026-09-09 00:00:00,,approved,N,,
PO-V2SE7PP-20260709-011,7300050814,5005149925,U-UJWVFIH,5538.94,7159.81,,EGW_Maintenance Repair Tools May 2025,,2025-09-10 00:00:00,2026-09-09 00:00:00,,approved,N,,
PO-V2SE7PP-20260709-011,7300050814,5005202461,U-UJWVFIH,15166.85,17183.55,,EGW_Maintenance Repair Tools Aug 2025,,2025-09-10 00:00:00,2026-09-09 00:00:00,,approved,N,,
PO-V2SE7PP-20260709-011,7300050814,5005208635,U-UJWVFIH,6361.82,8591.77,,EGW_Maintenance Repair Tools _July 2025,,2025-09-10 00:00:00,2026-09-09 00:00:00,,approved,N,,
PO-V2SE7PP-20260709-011,7300050814,5005235379,U-UJWVFIH,18796.57,21479.43,,EGW_Maintenance Repair Tools_2025.09.03-2025.10.02,,2025-09-10 00:00:00,2026-09-09 00:00:00,,approved,N,,
PO-V2SE7PP-20260709-011,7300050814,5005273858,U-UJWVFIH,2117.18,2863.92,,EGW_Maintenance Repair Tools_2025.10.03-2025.11.02,,2025-09-10 00:00:00,2026-09-09 00:00:00,,approved,N,,
PO-V2SE7PP-20260709-011,7300050814,5005338766,U-UJWVFIH,-31216.3,-35799.06,,EGW_Maintenance Repair Tools_2025.11.03-2026.1.02,,2025-09-10 00:00:00,2026-09-09 00:00:00,,approved,Y,,
PO-V2SE7PP-20260709-011,7300050814,5005362040,U-UJWVFIH,-1431.96,-1431.96,,EGW_Maintenance Repair Tools_confirmation 5004844460 GR 5000131079,,2025-09-10 00:00:00,2026-09-09 00:00:00,,approved,Y,,
PO-V2SE7PP-20260709-011,7300050814,5005478166,U-UJWVFIH,33689.93,38662.98,,EGW_Maintenance Repair Tools23.09.2025-30.03.2026,,2025-09-10 00:00:00,2026-09-09 00:00:00,,approved,N,,
PO-V2SE7PP-20260709-012,7300050963,5004672598,U-VLLPH0Z,18256.880733944952,19901.9,,Equipment calibration 01.03.24-31.03.24,,2024-04-07 00:00:00,,,approved,N,,
PO-V2SE7PP-20260709-012,7300050963,5004781841,U-VLLPH0Z,8490.566037735849,9009.3,,Tool and equipment calibration_July,,2024-07-19 00:00:00,,,approved,N,,
PO-V2SE7PP-20260709-012,7300050963,5004885678,U-VLLPH0Z,940,1018,,Tool and equipment calibration_Oct.-Nov.,,2024-11-04 00:00:00,,,approved,N,,
PO-V2SE7PP-20260709-012,7300050963,5005064185,U-VLLPH0Z,4230,4530.1,,Tool and equipment calibration_3.15-4.15,,2024-04-23 00:00:00,,,approved,N,,
PO-V2SE7PP-20260709-012,7300050963,5005198196,U-VLLPH0Z,7169.811320754717,7635,,Tool and equipment calibration——8.1-9.30,,2024-09-16 00:00:00,,,approved,N,,
PO-V2SE7PP-20260709-012,7300050963,5005455476,U-VLLPH0Z,660.377358490566,712.6,,Tool and equipment calibration,,2026-06-10 00:00:00,,,approved,N,,
PO-V2SE7PP-20260709-013,7300052100,5004896630,U-EZHOLW0,42360,44901.6,,car wash service_2024.7.1-2024.12.31,,2024-11-13 00:00:00,,,approved,N,,
PO-V2SE7PP-20260709-013,7300052100,5005149896,U-EZHOLW0,42360,44901.6,,Car wash service 2025.01.01-2025.06.30,,2025-07-23 00:00:00,,,approved,N,,
PO-V2SE7PP-20260709-013,7300052100,5005289107,U-EZHOLW0,42360,44901.6,,Car wash service 2025.07.01-2025.12.31,,2025-12-09 00:00:00,,,approved,N,,
PO-V2SE7PP-20260709-014,7300052626,5004918126,U-EZHOLW0,6735,7258.12,,Trailer inner city outside of BJ_Oct.2024,,2024-11-29 00:00:00,,,finished,N,,
PO-V2SE7PP-20260709-014,7300052626,5004932653,U-EZHOLW0,14878.5,15791.91,,Trailer inner city outside of BJ_Nov.2024,,2024-12-10 00:00:00,,,finished,N,,
PO-V2SE7PP-20260709-014,7300052626,5005010218,U-EZHOLW0,17756.5,18827.13,,Trailer inner city outside of BJ_Dec.2024_Provision,,2025-02-27 00:00:00,,,finished,N,,
PO-V2SE7PP-20260709-014,7300052626,5005062450,U-EZHOLW0,27682.5,29384.39,,Inner city logistic outside BJ_Q1 2025,,2025-04-22 00:00:00,,,finished,N,,
PO-V2SE7PP-20260709-014,7300052626,5005151753,U-EZHOLW0,16320,17331.51,,Inner city logistic-outside BJ_Q2 part1,,2025-07-24 00:00:00,,,finished,N,,
PO-V2SE7PP-20260709-014,7300052626,5005247416,U-EZHOLW0,51524,41261.32,,Inner city logistic-outside BJ_Q3_part 1,,2025-11-05 00:00:00,,,finished,N,,
PO-V2SE7PP-20260709-014,7300052626,5005247445,U-EZHOLW0,0,13372.54,,Inner city logistic-outside BJ_Q3_part 2,,2025-11-05 00:00:00,,,finished,N,,
PO-V2SE7PP-20260709-014,7300052626,5005301774,U-EZHOLW0,14799,15703.93,,Inner city logistic-outside BJ_Q3_2025 10-11,,2025-12-17 00:00:00,,,finished,N,,
PO-V2SE7PP-20260709-014,7300052626,5005381388,U-EZHOLW0,8687.5,9237.61,,Inner city logistic-outside BJ_2025 12,,2026-03-19 00:00:00,,,finished,N,,
PO-V2SE7PP-20260709-014,7300052626,5005441936,U-EZHOLW0,,6158.41,,Inner city logistic-outside BJ_2026 01,,2026-05-21 00:00:00,,,finished,N,,
PO-V2SE7PP-20260709-014,7300052626,5005462583,U-EZHOLW0,1990,2111.45,,Inner city logistic-outside BJ_2026 03,,2026-06-12 00:00:00,,,finished,N,,
PO-V2SE7PP-20260709-015,7300053497,5004945882,U-FPBTMS5,,20150,,Workshop support service_01.12.24-15.12.24,,2024-12-17 00:00:00,,,approved,N,,
PO-V2SE7PP-20260709-015,7300053497,5004996097,U-FPBTMS5,27125,27125,,Workshop support service_16.12.2024-31.12.2024_Provision,,2025-02-13 00:00:00,,,approved,N,,
PO-V2SE7PP-20260709-015,7300053497,5004996150,U-FPBTMS5,58900,58900,,Workshop support service for Jan. 2025,,2025-02-13 00:00:00,,,approved,N,,
PO-V2SE7PP-20260709-015,7300053497,5005032561,U-FPBTMS5,49600,49600,,Workshop support service for Feb. 2025,,2025-03-21 00:00:00,,,approved,N,,
PO-V2SE7PP-20260709-015,7300053497,5005071098,U-FPBTMS5,65100,65100,,Workshop support service for Mar. 2025,,2025-04-30 00:00:00,,,approved,N,,
PO-V2SE7PP-20260709-015,7300053497,5005131625,U-FPBTMS5,61225,61225,,Workshop support service for Apr. 2025,,2025-07-02 00:00:00,,,approved,N,,
PO-V2SE7PP-20260709-015,7300053497,5005145810,U-FPBTMS5,58900,58900,,Workshop support service for May 2025,,2025-07-17 00:00:00,,,approved,N,,
PO-V2SE7PP-20260709-015,7300053497,5005173912,U-FPBTMS5,68975,68975,,Workshop support service for July 2025,,2025-08-20 00:00:00,,,approved,N,,
PO-V2SE7PP-20260709-015,7300053497,5005173943,U-FPBTMS5,62000,62000,,Workshop support service for June 2025,,2025-08-20 00:00:00,,,approved,N,,
PO-V2SE7PP-20260709-015,7300053497,5005241059,U-FPBTMS5,63550,63550,,Workshop support service for Aug. 2025,,2025-10-29 00:00:00,,,approved,N,,
PO-V2SE7PP-20260709-015,7300053497,5005241883,U-FPBTMS5,68200,68200,,Workshop support service for Sep. 2025,,2025-10-30 00:00:00,,,approved,N,,
PO-V2SE7PP-20260709-015,7300053497,5005289208,U-FPBTMS5,62000,62000,,Workshop support service Nov. 2025,,2025-12-09 00:00:00,,,approved,N,,
PO-V2SE7PP-20260709-015,7300053497,5005267713,U-FPBTMS5,44175,44175,,Workshop support service Oct. 2025,,2025-11-21 00:00:00,,,approved,N,,
PO-V2SE7PP-20260709-015,7300053497,5005323826,U-FPBTMS5,65100,65100,,Workshop support service Dec. 2025,,2026-01-21 00:00:00,,,approved,N,,
PO-V2SE7PP-20260709-015,7300053497,5005362038,U-FPBTMS5,57350,57350,,Workshop support service Jan. 2026,,2026-02-28 00:00:00,,,approved,N,,
PO-V2SE7PP-20260709-015,7300053497,5005375936,U-FPBTMS5,46500,46500,,Workshop support service Feb. 2026,,2026-03-13 00:00:00,,,approved,N,,
PO-V2SE7PP-20260709-015,7300053497,5005425315,U-FPBTMS5,66650,66650,,Workshop support service Mar. 2026,,2026-05-06 00:00:00,,,approved,N,,
PO-V2SE7PP-20260709-015,7300053497,5005445633,U-FPBTMS5,65100,65100,,Workshop support service Apr. 2026,,2026-06-10 00:00:00,,,approved,N,,
PO-V2SE7PP-20260709-016,7300054360,5005061390,U-EZHOLW0,2000,2171.23,,Inner city charter trailer Q1 2025,,2024-04-18 00:00:00,,,approved,N,,
PO-V2SE7PP-20260709-016,7300054360,5005149899,U-EZHOLW0,7250,7754.38,,Inner city charter trailer Q2  2025,,2025-07-23 00:00:00,,,approved,N,,
PO-V2SE7PP-20260709-017,7300053529,5004785202,U-EZHOLW0,963337.51,970923.44,,Zero domesic logistic for June 2024,,2024-07-24 00:00:00,,,approved,N,,
PO-V2SE7PP-20260709-017,7300053529,5004796499,U-EZHOLW0,1334414.3,1335990.65,,Zero domesic logistic for July 2024,,2024-08-06 00:00:00,,,approved,N,,
PO-V2SE7PP-20260709-017,7300053529,5004826668,U-EZHOLW0,1291064.8,1413664.53,,Zero domesic logistic for Aug. 2024,,2024-09-06 00:00:00,,,approved,N,,
PO-V2SE7PP-20260709-017,7300053529,5004871808,U-EZHOLW0,1401668.58,1405897.14,,Zero domesic logistic for Sep. 2024,,2024-10-21 00:00:00,,,approved,N,,
PO-V2SE7PP-20260709-017,7300053529,5004896656,U-EZHOLW0,1142977.36,1250549.39,,Zero domesic logistic for Oct. 2024,,2024-11-13 00:00:00,,,approved,N,,
PO-V2SE7PP-20260709-017,7300053529,5004931090,U-EZHOLW0,1251814.04,1258316.78,,Zero domesic logistic for Nov. 2024,,2024-12-09 00:00:00,,,approved,N,,
PO-V2SE7PP-20260709-017,7300053529,5004993109,U-EZHOLW0,1640790.86,132045.59,,Zero domesic logistic for Dec. 2024_Part1,,2024-02-11 00:00:00,,,approved,N,,
PO-V2SE7PP-20260709-017,7300053529,5004993124,U-EZHOLW0,,1517969.49,,Zero domesic logistic for Dec. 2024_Part2,,2024-02-11 00:00:00,,,approved,N,,
PO-V2SE7PP-20260709-017,7300053529,5005062296,U-EZHOLW0,3634769.64,3635137.46,,Zero domesic logistic Q1 2025,,2025-04-22 00:00:00,,,approved,N,,
PO-V2SE7PP-20260709-017,7300053529,5005208631,U-EZHOLW0,4353177.13,4354175.64,,Zero domesic logistic Q2 2025,,2025-07-17 00:00:00,,,approved,N,,
PO-V2SE7PP-20260709-017,7300053529,5005246001,U-EZHOLW0,3368927.6,3382142.54,,Zero domesic logistic Q3 2025,,2025-11-04 00:00:00,,,approved,N,,
PO-V2SE7PP-20260709-017,7300053529,5005298578,U-EZHOLW0,426096.7,426096.7,,Zero domesic logistic 2025.10-2025.11_part1,,2025-12-15 00:00:00,,,approved,N,,
PO-V2SE7PP-20260709-017,7300053529,5005298610,U-EZHOLW0,1395388.84,1398129.69,,Zero domesic logistic 2025.10-2025.11_part2,,2025-12-15 00:00:00,,,approved,N,,
PO-V2SE7PP-20260709-017,7300053529,5005346145,U-EZHOLW0,1101957.4,1108517.11,,Zero domesic logistic 2025.12,,2026-02-12 00:00:00,,,approved,N,,
PO-V2SE7PP-20260709-017,7300053529,5005441967,U-EZHOLW0,,2556580.01,,Zero domesic logistic 2026 Q1,,2026-05-21 00:00:00,,,approved,N,,
PO-V2SE7PP-20260709-020,7300056053,5004876738,U-VLLPH0Z,,20544,,DG goods Transportation_2024/09-2024/10,,2024-10-24 00:00:00,,,approved,N,,
PO-V2SE7PP-20260709-020,7300056053,5004909650,U-VLLPH0Z,,11392,,DG goods Transportation_2024/10-2024/11,,2024-11-25 00:00:00,,,approved,N,,
PO-V2SE7PP-20260709-020,7300056053,5005373038,U-VLLPH0Z,1800,1984,,DG goods Transportation for Jan. 2026,,2026-03-11 00:00:00,,,approved,N,,
PO-V2SE7PP-20260709-021,7300058739,5005161926,U-EZHOLW0,,188296.7,,CTS U-turn_Part1,,2025-08-06 00:00:00,,,approved,N,,
PO-V2SE7PP-20260709-021,7300058739,5005275123,U-EZHOLW0,174540,185354.57,,CTS U-turn_Part2,,2025-11-27 00:00:00,,,approved,N,,
PO-V2SE7PP-20260709-021,7300058739,5005443154,U-EZHOLW0,63280,63746.28,,CTS U-turn _Part3,,2026-06-10 00:00:00,,,approved,N,,
PO-V2SE7PP-20260709-023,7300058985,5005062495,U-EZHOLW0,53525,57754.82,,Trailer inner city/Yanjiao_Q1 2025 Part2,,2025-04-22 00:00:00,,,finished,N,,
PO-V2SE7PP-20260709-023,7300058985,5005145678,U-EZHOLW0,391649.75,416371.94,,Trailer inner city/Yanjiao_Q2 2025,,2025-07-17 00:00:00,,,finished,N,,
PO-V2SE7PP-20260709-023,7300058985,5005247471,U-EZHOLW0,351133.85,37607.79,,Trailer inner city/Yanjiao_Q3 2025,,2025-11-05 00:00:00,,,finished,N,,
PO-V2SE7PP-20260709-023,7300058985,5005346236,U-EZHOLW0,-351133.85,-37607.79,,Trailer inner city/Yanjiao_Q3 2025,,2025-02-12 00:00:00,,,finished,Y,,
PO-V2SE7PP-20260709-023,7300058985,5005301753,U-EZHOLW0,170117.75,181323.26,,Trailer inner city 2025 10-11,,2025-12-17 00:00:00,,,finished,N,,
PO-V2SE7PP-20260709-023,7300058985,5005346238,U-EZHOLW0,351133.85,373391.61,,Trailer inner city/Yanjiao_Q3 2025,,2026-02-12 00:00:00,,,finished,N,,
PO-V2SE7PP-20260709-023,7300058985,5005381368,U-EZHOLW0,115498.75,123568.45,,Trailer inner city_2025 12,,2026-03-19 00:00:00,,,finished,N,,
PO-V2SE7PP-20260709-023,7300058985,5005462605,U-EZHOLW0,179924,190725.21,,Trailer inner city_Q1 2026,,2026-06-12 00:00:00,,,finished,N,,
PO-V2SE7PP-20260709-024,7300060816,5005343401,U-UJWVFIH,122541.3,138980.68,,PPEproject_Harnnessprocessing_2025/9/15-2026/1/30,,2025-05-13 00:00:00,2026-05-01 00:00:00,,finished,N,,
PO-V2SE7PP-20260709-026,7300061396,5005303326,U-EZHOLW0,,8040.03,,Over time 2025 10-11,,2025-12-18 00:00:00,,,approved,N,,
PO-V2SE7PP-20260709-007,7300063480,5005250834,U-FO5LZ6P,1768980,2000064.07,,Test car rental service_Jan.-Sep.2025,,2025-11-07 00:00:00,2028-12-31 00:00:00,,approved,N,,
PO-V2SE7PP-20260709-007,7300063480,5005255543,U-FO5LZ6P,1343200,1524524.36,,Test car rental service-23 G6_part1,,2025-11-12 00:00:00,2028-12-31 00:00:00,,approved,N,,
PO-V2SE7PP-20260709-007,7300063480,5005291613,U-FO5LZ6P,1203670,1363680.5,,Test car rental service-23 G6_part2,,2025-12-10 00:00:00,2028-12-31 00:00:00,,approved,N,,
PO-V2SE7PP-20260709-007,7300063480,5005291638,U-FO5LZ6P,502804,573444.94,,Test car rental service Oct.-07. Dec.2025,,2025-12-10 00:00:00,2028-12-31 00:00:00,,approved,N,,
PO-V2SE7PP-20260709-007,7300063480,5005303528,U-FO5LZ6P,,132871.39,,Test car rental service Dec.2025,,2025-12-18 00:00:00,2028-12-31 00:00:00,,approved,N,,
PO-V2SE7PP-20260709-007,7300063480,5005414095,U-FO5LZ6P,321891.8,328681.86,,"Test car rental service(ES-X,EI,GF-6)",,2026-04-23 00:00:00,2028-12-31 00:00:00,,approved,N,,
PO-V2SE7PP-20260709-027,7300059730,5005173963,U-EZHOLW0,56700,60469.11,,Sercurity service Q2 2025,,2025-08-20 00:00:00,,,approved,N,,
PO-V2SE7PP-20260709-027,7300059730,5005240987,U-EZHOLW0,48600,51565.68,,Sercurity service Q3 2025,,2025-10-29 00:00:00,,,approved,N,,
PO-V2SE7PP-20260709-027,7300059730,5005287324,U-EZHOLW0,48600,51565.68,,Sercurity service Q4 2025,,2025-12-08 00:00:00,,,approved,N,,
PO-V2SE7PP-20260709-027,7300059730,5005411119,U-EZHOLW0,51516,51565.68,,Sercurity service Q1 2026,,2026-04-21 00:00:00,,,approved,N,,
PO-V2SE7PP-20260709-028,7300061268,5005149923,U-EZHOLW0,272017.98,272188.8,,Pingan test car insurance_Part 1,,2025-07-23 00:00:00,,,approved,N,,
PO-V2SE7PP-20260709-028,7300061268,5005195627,U-EZHOLW0,292942.44,292981,,Pingan test car insurance_Part 2,,2025-09-12 00:00:00,,,approved,N,,
PO-V2SE7PP-20260709-028,7300061268,5005254128,U-EZHOLW0,196600.87,198471,,Pingan test car insurance_Part 3,,2025-11-11 00:00:00,,,approved,N,,
PO-V2SE7PP-20260709-028,7300061268,5005298645,U-EZHOLW0,287879.86,289200.6,,Pingan test car insurance_Part 4,,2025-12-15 00:00:00,,,approved,N,,
PO-V2SE7PP-20260709-028,7300061268,5005394076,U-EZHOLW0,196600.87,198471,,Pingan test car insurance_Part 5,,,,,approved,N,,
PO-V2SE7PP-20260709-028,7300061268,5005411093,U-EZHOLW0,203622.33,204141.6,,Pingan test car insurance_Part 6,,2026-04-21 00:00:00,,,approved,N,,
PO-V2SE7PP-20260709-028,7300061268,5005456075,U-EZHOLW0,210643.79,211702.4,,Pingan test car insurance_Part 7,,2026-06-10 00:00:00,,,approved,N,,
PO-V2SE7PP-20260709-019,7300059544,5005098546,U-FPBTMS5,3781.6055045871553,4171.43,,Domestic general cargo transport_Mar.& Apr. 2025,,2025-05-29 00:00:00,,,approved,N,,
PO-V2SE7PP-20260709-019,7300059544,5005141755,U-FPBTMS5,3288.7981651376144,3602.6,,Domestic general cargo transport_May 2025,,2025-07-14 00:00:00,,,approved,N,,
PO-V2SE7PP-20260709-019,7300059544,5005182215,U-FPBTMS5,7185.155963302752,7837.24,,Domestic general cargo transport_June 2025,,2025-08-29 00:00:00,,,approved,N,,
PO-V2SE7PP-20260709-019,7300059544,5005247596,U-FPBTMS5,2693.7,2970.57,,Domestic general cargo transport_Aug. 2025,,2025-11-05 00:00:00,,,approved,N,,
PO-V2SE7PP-20260709-019,7300059544,5005247648,U-FPBTMS5,11929.36,13019.93,,Domestic general cargo transport_Sep. 2025,,2025-11-05 00:00:00,,,approved,N,,
PO-V2SE7PP-20260709-019,7300059544,5005250721,U-FPBTMS5,22020,24017.35,,Domestic general cargo transport_July 2025,,2025-11-07 00:00:00,,,approved,N,,
PO-V2SE7PP-20260709-019,7300059544,5005289139,U-FPBTMS5,6320,6889.19,,Domestic general cargo transport_Oct. 2025,,2025-12-09 00:00:00,,,approved,N,,
PO-V2SE7PP-20260709-019,7300059544,5005289175,U-FPBTMS5,6958.192660550459,7584.43,,Domestic general cargo transport_Nov 2025_part1,,2025-12-09 00:00:00,,,approved,N,,
PO-V2SE7PP-20260709-019,7300059544,5005289194,U-FPBTMS5,436.6880733944952,497.03,,Domestic general cargo transport_Nov 2025_part2,,2025-12-09 00:00:00,,,approved,N,,
PO-V2SE7PP-20260709-019,7300059544,5005300248,U-FPBTMS5,1600,1801.74,,Domestic general cargo transport_2025/12/1-2025/12/8,,2025-12-16 00:00:00,,,approved,N,,
PO-V2SE7PP-20260709-019,7300059544,5005346146,U-FPBTMS5,6160,6772.07,,Domestic general cargo transport_2026.1,,2026-02-12 00:00:00,,,approved,N,,
PO-V2SE7PP-20260709-019,7300059544,5005403712,U-FPBTMS5,580,683.42,,Domestic general cargo transport_2026.2,,2026-04-14 00:00:00,,,approved,N,,
PO-V2SE7PP-20260709-019,7300059544,5005445600,U-FPBTMS5,1542.9999999999998,1739.61,,Domestic general cargo transport_2026.4,,2026-06-10 00:00:00,,,approved,N,,
PO-V2SE7PP-20260709-030,7300062093,5005208740,U-EZHOLW0,21238.938053097347,24000,,GPS_Part1,,2025-09-25 00:00:00,,,approved,N,,
PO-V2SE7PP-20260709-030,7300062093,5005289102,U-EZHOLW0,2787.61,3150,,GPS_Part2,,2025-12-09 00:00:00,,,approved,N,,
PO-V2SE7PP-20260709-031,7300062256,5005289134,U-EZHOLW0,6600,6996,,Test vehicle film_part1,,2025-12-09 00:00:00,,,approved,N,,
PO-V2SE7PP-20260709-032,7300062255,5005291495,U-EZHOLW0,2720,2883.2,,change windshield_Part1,,2025-12-10 00:00:00,,,approved,N,,
PO-V2SE7PP-20260709-033,7300062437,5005239548,U-VLLPH0Z,11256.1,11933.48,,Express Clearance&express&inspection payment_2024/12/9-2025/9/16,,2025-07-25 00:00:00,2026-04-13 00:00:00,,approved,N,,
PO-V2SE7PP-20260709-033,7300062437,5005362035,U-VLLPH0Z,3572.37,3803.28,,Express Clearance&express&inspection payment_2025/9/23-2026/2/3,,2026-02-28 00:00:00,,,approved,N,,
PO-V2SE7PP-20260709-033,7300062437,5005395175,U-VLLPH0Z,,3004.04,,Express Clearance&express&inspection payment_2026.2.5-2026.3.4,,,,,approved,N,,
PO-V2SE7PP-20260709-034,7300064766,5005329739,U-FPBTMS5,141592.92,160000,,Firefighting robot 消防机器人,,2025-01-27 00:00:00,,,finished,N,,
PO-V2SE7PP-20260709-035,7300063687,5005298066,U-EZHOLW0,492641.51,522209,,,,2025-12-15 00:00:00,,,approved,N,,
PO-V2SE7PP-20260709-036,7300063636,5005278094,U-UJWVFIH,4333.96,4620,,Shanghai test car maintenance service_part1,,2025-10-10 00:00:00,2026-10-10 00:00:00,,approved,N,,
PO-V2SE7PP-20260709-036,7300063636,5005373006,U-UJWVFIH,11362.45,12840,,Shanghai test car maintenance service_2025.12.9-2026.1.27,,2025-10-10 00:00:00,2026-10-10 00:00:00,,approved,N,,
PO-V2SE7PP-20260709-037,7300063746,5005301650,U-FPBTMS5,,1387302.4500000002,,Workshop support service Oct.&Nov. 2025_Zynit_part2,,2025-12-17 00:00:00,,,finished,N,,
PO-V2SE7PP-20260709-037,7300063746,5005303995,U-FPBTMS5,,288750.89,,Tino and Zhangpeng Oct.-Nov. 2025,,2025-12-18 00:00:00,,,finished,N,,
PO-V2SE7PP-20260709-037,7300063746,5005413995,U-FPBTMS5,,233337.89,,Workshop support service Dec. 2025_Mechanics and FSE moving workshop support,,2026-04-23 00:00:00,,,finished,N,,
PO-V2SE7PP-20260709-037,7300063746,5005414032,U-FPBTMS5,,349208.2,,Workshop support service Jan. 2026_Mechanics,,2026-04-23 00:00:00,,,finished,N,,
PO-V2SE7PP-20260709-037,7300063746,5005445632,U-FPBTMS5,130562,138395.72,,Workshop support service Apr. 2026_Mechanics,,,,,finished,N,,
PO-V2SE7PP-20260709-038,7300064109,5005291658,U-FO5LZ6P,2167.84,2314.79,,Test service travel cost_part1,,2025-12-10 00:00:00,2027-02-04 00:00:00,,approved,N,,
PO-V2SE7PP-20260709-038,7300064109,5005474358,U-FO5LZ6P,2505.44,2550.99,,Traffic cost for Test in Shanghai Q1,,2026-06-24 00:00:00,2027-02-04 00:00:00,,approved,N,,
PO-V2SE7PP-20260709-039,7300065357,5005381391,U-UJWVFIH,,50850,,Q7/Q9 48V battery,,2025-10-15 00:00:00,2026-06-15 00:00:00,,finished,N,,
PO-V2SE7PP-20260709-041,7300063923,5005298187,U-EZHOLW0,4620,4897.2,,Test vehicle film_part1,,2025-12-15 00:00:00,,,approved,N,,
PO-V2SE7PP-20260709-041,7300063923,5005373028,U-EZHOLW0,9570,10161.69,,Test vehicle film_part2,,2026-03-11 00:00:00,,,approved,N,,
PO-V2SE7PP-20260709-042,7300062044,5005236828,U-FPBTMS5,107970.67924528301,115157.14,,Travel cost_technical support Q2 2025_part2,,2025-10-24 00:00:00,,,approved,N,,
PO-V2SE7PP-20260709-042,7300062044,5005300190,U-FPBTMS5,185540.79245283018,196814.03,,Travel cost_technical support Q3 2025,,2025-12-16 00:00:00,,,approved,N,,
PO-V2SE7PP-20260709-042,7300062044,5005301722,U-FPBTMS5,73084.2924528302,77469.35,,Travel cost_technical support_2025.10-11,,2025-12-17 00:00:00,,,approved,N,,
PO-V2SE7PP-20260709-042,7300062044,5005346265,U-FPBTMS5,63790.688679245286,68047.4,,Travel cost_technical support Dec. 2025,,2026-02-12 00:00:00,,,approved,N,,
PO-V2SE7PP-20260709-042,7300062044,5005414067,U-FPBTMS5,60976.39,61766.1,,Travel cost_technical support Q1 2026,,2026-04-23 00:00:00,,,approved,N,,
PO-V2SE7PP-20260709-043,7300064123,5005298520,U-VLLPH0Z,900,981,,Forklift service_Nov.,,2025-12-15 00:00:00,,,approved,N,,
PO-V2SE7PP-20260709-043,7300064123,5005298539,U-VLLPH0Z,900,981,,Forklift service_2025.12.01-2025.12.11,,2025-12-15 00:00:00,,,approved,N,,
PO-V2SE7PP-20260709-043,7300064123,5005362036,U-VLLPH0Z,900,981,,Forklift service_2026.01.01-2026.01.31,,2026-02-28 00:00:00,,,approved,N,,
PO-V2SE7PP-20260709-043,7300064123,5005403717,U-VLLPH0Z,1800,1962,,Forklift service_2026.03,,,,,approved,N,,
PO-V2SE7PP-20260709-043,7300064123,5005443158,U-VLLPH0Z,1799.9999999999998,1962,,Forklift service_April 2026,,,,,approved,N,,
PO-V2SE7PP-20260709-046,7300065467,5005411144,U-EZHOLW0,443505.62,444767.63,,test driver real cost 2025.05-2025.12,,2026-04-21 00:00:00,,,approved,N,,
PO-V2SE7PP-20260709-047,7300065042,5005333432,U-FPBTMS5,,2489.3,,Power System renovation V-Labs Workshop,,2026-01-30 00:00:00,,,finished,N,,
PO-V2SE7PP-20260709-048,7300065021,5005412339,U-FPBTMS5,68510,68578.09,,"Internal Tranport,export and import of 1xengine BJ-Göyr, Göyr-BJ",,2026-01-15 00:00:00,2026-12-31 00:00:00,,finished,N,,
PO-V2SE7PP-20260709-051,7300065370,5005414048,U-FPBTMS5,,582444.09,,Workshop support service Dec. 2025_FSE Velabs+FSE&localsupport to Nevco &Cariad,,2026-04-23 00:00:00,,,approved,N,,
PO-V2SE7PP-20260709-051,7300065370,5005457137,U-FPBTMS5,,1704002.12,,FSE WK support service Q1 2026,,2026-06-08 00:00:00,,,approved,N,,
PO-V2SE7PP-20260709-054,7300065294,5005414078,U-FO5LZ6P,,55915.56,,Test Car Rental_EG-U,,2026-04-23 00:00:00,2028-12-31 00:00:00,,finished,N,,
PO-V2SE7PP-20260709-055,7300066131,5005478264,U-EZHOLW0,111301.27,111556.88,,tempory import & export Q1 2026,,2026-06-29 00:00:00,,,approved,N,,
PO-V2SE7PP-20260709-056,7300065365,5005371616,U-EZHOLW0,,65086.29,,TF052/TF053 Import Duty and VAT,,2026-03-10 00:00:00,,,finished,N,,
PO-V2SE7PP-20260709-058,7300065332,5005371607,U-EZHOLW0,,8824.63,,TF071 Import Duty and VAT,,2026-03-10 00:00:00,,,finished,N,,
PO-V2SE7PP-20260709-059,7300065481,5005407263,U-FO5LZ6P,,409264.94,,Road test service_2025.12.31-2026.03.31,,2026-04-16 00:00:00,2027-02-04 00:00:00,,finished,N,,
PO-V2SE7PP-20260709-059,7300065481,5005474305,U-FO5LZ6P,,86814,,Road Test service for Apr. 2026_part 1,,2026-06-24 00:00:00,2027-02-04 00:00:00,,finished,N,,
PO-V2SE7PP-20260709-061,7300065398,5005462395,U-UJWVFIH,7000,7440,,CTS cargo customs clearing service_2026.3.15-5.26,,2026-03-01 00:00:00,2027-09-30 00:00:00,,approved,N,,
PO-V2SE7PP-20260709-062,7300065448,5005398661,U-UJWVFIH,956.5,1020,,DHL Duty&TAX Proc._C class shipment_2026.3.1-2026.4.1,,2026-03-17 00:00:00,2027-03-17 00:00:00,,approved,N,,
PO-V2SE7PP-20260709-062,7300065448,5005429875,U-UJWVFIH,,120,,DHL Duty&TAX Proc._C class shipment_2026.4.1-2026.5.1,,2026-03-17 00:00:00,2027-03-17 00:00:00,,approved,N,,
PO-V2SE7PP-20260709-063,7300065901,5005414153,U-FO5LZ6P,111192,111831.13,,Test car rental service_EV-V,,2026-04-23 00:00:00,2028-12-31 00:00:00,,approved,N,,
PO-V2SE7PP-20260709-065,7300065504,5005414136,U-FO5LZ6P,20114,27957.78,,Call-off FC7600050855_Test Car Rental_GM,,2026-04-23 00:00:00,2028-12-31 00:00:00,,finished,N,,
PO-V2SE7PP-20260709-066,7300058726,5005092695,U-UJWVFIH,30372.57,34942.99,,FAW - AUDI maintenance spare Q1,,2025-02-21 00:00:00,2026-02-21 00:00:00,,finished,N,,
PO-V2SE7PP-20260709-066,7300058726,5005187394,U-UJWVFIH,54665.49,61774.22,,FAW - AUDI maintenance spare Q2,,2025-02-21 00:00:00,2026-02-21 00:00:00,,finished,N,,
PO-V2SE7PP-20260709-066,7300058726,5005273852,U-UJWVFIH,63450.31,71757.93,,FAW - AUDI maintenance spare 9.20-11.20,,2025-02-21 00:00:00,2026-02-21 00:00:00,,finished,N,,
PO-V2SE7PP-20260709-066,7300058726,5005372985,U-UJWVFIH,56724.03,64270.15,,FAW - AUDI maintenance spare 2025.10.30-2026.02.26,,2025-02-21 00:00:00,2026-02-21 00:00:00,,finished,N,,
PO-V2SE7PP-20260709-067,7300058725,5005062544,U-UJWVFIH,14459.71,16763.83,,SAIC - VW Spare parts and maintenance services_Q1,,2025-01-15 00:00:00,2026-01-15 00:00:00,,finished,N,,
PO-V2SE7PP-20260709-067,7300058725,5005171155,U-UJWVFIH,24939.74,28325.09,,SAIC - VW Spare parts and maintenance services_Q2,,2025-01-15 00:00:00,2026-01-15 00:00:00,,finished,N,,
PO-V2SE7PP-20260709-067,7300058725,5005276777,U-UJWVFIH,70082.27,79194.63,,SAIC - VW Spare parts and maintenance services_July-Nov.2025,,2025-01-15 00:00:00,2026-01-15 00:00:00,,finished,N,,
PO-V2SE7PP-20260709-067,7300058725,5005372928,U-UJWVFIH,23742.65,27168.96,,SAIC - VW Spare parts and maintenance services_2025.11.04-2026.01.14,,2025-01-15 00:00:00,2026-01-15 00:00:00,,finished,N,,
PO-V2SE7PP-20260709-068,7300058724,5005289367,U-UJWVFIH,12111.725663716816,13877.11,,Test WK Supplies_Dec.2024-Aug.2025_part2,,2025-01-01 00:00:00,2025-12-31 00:00:00,,finished,N,,
PO-V2SE7PP-20260709-068,7300058724,5005291470,U-UJWVFIH,2710,3469.28,,Slope anti slip board,,2025-01-01 00:00:00,2025-12-31 00:00:00,,finished,N,,
PO-V2SE7PP-20260709-068,7300058724,5005343412,U-UJWVFIH,47597.68,54021.6,,Raw Materials of Wire Harness Production_2025.9.16-2026.1.30,,2025-01-01 00:00:00,2025-12-31 00:00:00,,finished,N,,
PO-V2SE7PP-20260709-069,7300066019,5005474307,U-FO5LZ6P,,200061.43,,Road Test service for Apr. 2026_part 2,,2026-06-24 00:00:00,2027-02-04 00:00:00,,approved,N,,
PO-V2SE7PP-20260709-073,7300066006,5005443137,U-FPBTMS5,,1091.58,,2xArduino Nano R3 & 2xArduino Motor Shield R3,,2026-04-29 00:00:00,2026-12-31 00:00:00,,finished,N,,
PO-V2SE7PP-20260709-074,7300065986,5005443156,U-EZHOLW0,7000,7460.28,,cancle&verficatiion for testing car_Q1,,2026-05-26 00:00:00,,,approved,N,,
PO-V2SE7PP-20260709-075,7300065987,5005442007,U-UJWVFIH,,27480,,Electric Drive Export 4.16-2026.5.31,,2026-04-24 00:00:00,2027-04-24 00:00:00,,approved,N,,
PO-V2SE7PP-20260709-085,7300066239,5005474218,U-VLLPH0Z,,3604,,windshield destroy service,,2026-06-09 00:00:00,2026-08-31 00:00:00,,finished,N,,
PO-V2SE7PP-20260709-088,7300058021,5005443160,U-VLLPH0Z,4400,4694.32,,Custom service for cargo import 2025/11/21-2026/3/9,,2026-05-18 00:00:00,,,approved,N,,
