po_id,sc_id,sc_no,vendor_id,vendor_name,po_no,request_type,po_amount,requester_id,contract_from,contract_to,contract_no,payment_frequency,contract_pos,contract_type,cost_center,purchaser,status,import_error,error_type
,,,V000055,"Porsche Engineering Co., Ltd.",7600051926,FC,86937327.09,U-FPBTMS5,2026-03-11 00:00:00,2028-12-31 00:00:00,,,112,FC,,,active,,
,,,V000056,Segula Technologies Wuhan Co.Ltd,7600051284,FC,26882838.4,U-FPBTMS5,2025-12-31 00:00:00,2028-12-31 00:00:00,,,111,FC,,,active,,
,,,V000029,"Zynit China Co., Ltd",7600051119,FC,5301104.43,U-FPBTMS5,2025-12-01 00:00:00,2026-11-30 00:00:00,,,9,FC,,"Bai, Xue",active,,
,,,V000069,"Akkodis Beijing Co., Ltd.",7600052179,FC,815405,U-FPBTMS5,2026-06-01 00:00:00,2028-12-31 00:00:00,,,97,FC,,,active,,
,,,V000056,Segula Technologies Wuhan Co.Ltd,7600052906,FC,346143,U-FPBTMS5,2026-06-18 00:00:00,2028-12-31 00:00:00,,,128,FC,,Yao Ying,active,,
,,,V000055,"Porsche Engineering Co., Ltd.",7600052909,FC,1140030,U-FPBTMS5,2026-06-18 00:00:00,2028-12-31 00:00:00,,,129,FC,,Yao Ying,active,,
,SC-V2SE7PP-20260709-017,1012375831,V000012,"BeijingJinTianShunDaBusinessServiceCo.,Ltd",7300063480,call_off,6993231,U-FO5LZ6P,,2025-12-31 00:00:00,,,,PO under FC,60473000,"Zhang, Te",active,,
,,,V000012,"BeijingJinTianShunDaBusinessServiceCo.,Ltd",7600050855,FC,27957782,U-FO5LZ6P,2026-01-01 00:00:00,2028-12-31 00:00:00,,,,FC,60473000,"Yao, Ying",active,,
,,,V000019,ShanghaiZhongchengAutomotive,7600051497,FC,1836450.64,U-FO5LZ6P,2026-02-05 00:00:00,2027-02-04 00:00:00,,,,FC,60473000,"Bai, Xue",active,,
,SC-V2SE7PP-20260709-001,1010966046,V000004,"Beijing Motivation Infinity International Logistics Co.,Ltd",7300050951,call_off,14373774.9,U-EZHOLW0,2024-01-01 00:00:00,2027.12.31,,Quarterly,14,PO under FC,60473000,"Sun, Feimeng",active,,
,SC-V2SE7PP-20260709-002,1010998908,V000011,上海圆迈贸易有限公司,7300050814,new,1431962.3,U-UJWVFIH,2025-09-10 00:00:00,2026-09-09 00:00:00,,Monthly,34,Contract,60473000,"Song, Binglun",active,,
,SC-V2SE7PP-20260709-003,1011106627,V000032,北京市计量检测科学研究院,7300050963,new,50900,U-VLLPH0Z,2023-12-19 00:00:00,2026-08-30 00:00:00,,,124,PO,60473000,,active,,
,SC-V2SE7PP-20260709-004,1011218432,V000031,"Beijing Jin Rui Chi  Car  Service Co.,Ltd",7300052100,new,179606.4,U-EZHOLW0,2024-02-05 00:00:00,2026.13.31,,N/A,44,PO,60473000,"Song, Binglun",active,,
,SC-V2SE7PP-20260709-005,1011257210,V000024,Beijing Yilu Pingan Automobile Rescue service co.. Ltd.,7300052626,new,175954.44,U-EZHOLW0,2024-06-06 00:00:00,2026.6.30,,Quarterly,49,PO,60473000,"Sun, Feimeng",finished,,
,SC-V2SE7PP-20260709-006,1011340907,V000022,TeamOne(Beijing)EngineeringandConsultingLtd.,7300053497,new,1643000,U-FPBTMS5,2024-08-11 00:00:00,2026-08-10 00:00:00,,N/A,50,Contract,60473000,"Shi, Yingying",active,,
,SC-V2SE7PP-20260709-007,1011381813,V000024,Beijing Yilu Pingan Automobile Rescue service co.. Ltd.,7300054360,new,155092.92,U-EZHOLW0,2024-06-05 00:00:00,2026.6.30,,Quarterly,53,PO,60473000,"Sun, Feimeng",active,,
,SC-V2SE7PP-20260709-008,1011395193,V000025,"ZERO SCM LOGISTICS (BEIJING) CO.,LTD",7300053529,call_off,31069550,U-EZHOLW0,2024-01-01 00:00:00,2026-09-30 00:00:00,,Quarterly,55,PO under FC,60473000,"Sun, Feimeng",active,,
,SC-V2SE7PP-20260709-009,1011442962,V000050,伟翔联合环保科技发展（北京）有限公司,7300053456,new,100,U-VLLPH0Z,2024-04-12 00:00:00,2030-12-31 00:00:00,,,125,PO,60473000,,active,,
,SC-V2SE7PP-20260709-020,1011953156,V000009,全球国合国际货运（北京）有限公司,7300059544,call_off,196942.29,U-FPBTMS5,2025-02-01 00:00:00,2028-02-29 00:00:00,,Monthly,77,PO under FC,60473000,"Song, Juan",active,,
,SC-V2SE7PP-20260709-010,1011794761,V000045,上海晓荣物流有限公司,7300056053,call_off,64000,U-FPBTMS5,2024-09-01 00:00:00,2028-12-31 00:00:00,,Monthly,70,PO under FC,60473000,"Song, Juan",active,,
,SC-V2SE7PP-20260709-011,1012052507,V000006,CTS International Logistics Corporation Limited-Beijingbranch,7300058739,new,490356,U-EZHOLW0,2025-01-23 00:00:00,2026.12.31,,Quarterly,86,PO,60473000,"Sun, Feimeng",active,,
,SC-V2SE7PP-20260709-011,1012052507,V000006,CTS International Logistics Corporation Limited-Beijingbranch,7300066236,new,326904,U-EZHOLW0,2025.12.1,2026.12.31,,,,,60473000,,active,,
,SC-V2SE7PP-20260709-012,1012113972,V000024,Beijing Yilu Pingan Automobile Rescue service co.. Ltd.,7300058985,new,1343135.28,U-EZHOLW0,2025.1.1,2026.6.30,,Quarterly,90,Contract,60473000,"Sun, Feimeng",finished,,
,SC-V2SE7PP-20260709-013,1012176900,V000015,廊坊开发区欧特克精密电子线束制造有限公司,7300060816,new,1014457.5,U-UJWVFIH,2025-05-13 00:00:00,2026-05-01 00:00:00,,Quarterly,,,60473000,"Li, Na",finished,,
,SC-V2SE7PP-20260709-014,1012335355,V000063,上海本质物流有限公司,7300064497,call_off,900000,U-FPBTMS5,2025-11-01 00:00:00,2028-06-30 00:00:00,,Monthly,99,PO under FC,60473000,"Song, Juan",active,,
,SC-V2SE7PP-20260709-016,1012358257,V000012,"BeijingJinTianShunDaBusinessServiceCo.,Ltd",7300061396,new,6141004,U-EZHOLW0,2026.1.1,2027.12.31,,,,,60473000,,active,,
,SC-V2SE7PP-20260709-018,1012071353,V000068,"China Security & Protection Group Co.,Ltd",7300059730,call_off,310878,U-EZHOLW0,2025.3.15,2028.3.14,,Quarterly,88_2,PO under FC,60473000,"Han, Yue",active,,
,SC-V2SE7PP-20260709-019,1012412764,V000043,中国平安财产保险股份有限公司北京分公司,7300061268,new,1890200,U-EZHOLW0,2025.1.1,2027.4.30,,,63_2,,60473000,,active,,
,SC-V2SE7PP-20260709-021,1012511693,V000012,"BeijingJinTianShunDaBusinessServiceCo.,Ltd",7300062074,new,1334780,U-EZHOLW0,,,,,,,60473000,,active,,
,SC-V2SE7PP-20260709-022,1012596000,V000038,"BeijingDongxueDataEngineeringCo,.Ltd",7300062093,new,37500,U-EZHOLW0,2025.8.1,2027.12.31,,,,,60473000,,active,,
,SC-V2SE7PP-20260709-023,1012605723,V000031,"Beijing Jin Rui Chi  Car  Service Co.,Ltd",7300062256,new,27984,U-EZHOLW0,2025.8.1,2027.12.31,,,,,60473000,,active,,
,SC-V2SE7PP-20260709-024,1012611581,V000003,"Beijing Konggang Jingfei Automotive Service Co.,Ltd",7300062255,new,14416,U-EZHOLW0,2025.7.1,2027.12.31,,,,,60473000,,active,,
,SC-V2SE7PP-20260709-025,1012632352,V000004,北京动力无限国际物流有限公司,7300062437,new,27560,U-VLLPH0Z,2025-07-25 00:00:00,2026-04-13 00:00:00,,,131,,60473000,,active,,
,SC-V2SE7PP-20260709-026,1012641412,V000077,"Zhejiang Ruiye Technology Co., Ltd.",7300064766,new,160000,U-FPBTMS5,2025-01-27 00:00:00,,,,,,60473000,,finished,,
,SC-V2SE7PP-20260709-027,1012656949,V000078,"Ping An P&C Insurance Company of China, Ltd. Guangdong Branch",7300063687,new,1770000,U-EZHOLW0,2025.8.6,2028.12.31,,,,,60473000,,active,,
,SC-V2SE7PP-20260709-028,1012682730,V000058,上海西上海奥杰汽车销售服务有限公司,7300063636,new,60000,U-UJWVFIH,2025-10-10 00:00:00,2026-10-10 00:00:00,,one-time,103,,60473000,,active,,
,SC-V2SE7PP-20260709-029,1012764025,V000029,"Zynit China Co., Ltd",7300063746,new,2500000,U-FPBTMS5,2024-03-04 00:00:00,2026-04-30 00:00:00,,,,,60473000,,finished,,
,SC-V2SE7PP-20260709-030,1012830074,V000019,ShanghaiZhongchengAutomotive,7300064109,call_off,47240.6,U-FO5LZ6P,,2027-02-04 00:00:00,,,,PO under FC,60473000,,active,,
,SC-V2SE7PP-20260709-031,1012837833,V000047,万向一二三股份公司,7300065357,new,50850,U-UJWVFIH,2025-10-15 00:00:00,2026-06-15 00:00:00,,one-time,,,60473000,,finished,,
,SC-V2SE7PP-20260709-032,1012841884,V000045,"Shanghai Xiaorong Logistics Co., Ltd",7300064055,new,112194.4,U-FPBTMS5,2025-10-20 00:00:00,2028-02-28 00:00:00,,,98,,60473000,,active,,
,SC-V2SE7PP-20260709-033,1012857094,V000031,"Beijing Jin Rui Chi  Car  Service Co.,Ltd",7300063923,new,40810,U-EZHOLW0,2025.10.22,2027.12.31,,,,,60473000,,active,,
,SC-V2SE7PP-20260709-035,1012493519,V000029,"Zynit China Co., Ltd",7300062044,new,1046883.13,U-FPBTMS5,2025-07-09 00:00:00,2026-12-31 00:00:00,,,,,60473000,,active,,
,SC-V2SE7PP-20260709-036,1012864325,V000009,全球国合国际货运（北京）有限公司,7300064123,new,9810,U-VLLPH0Z,2025-11-12 00:00:00,2026-12-31 00:00:00,,,132,PO,60473000,,active,,
,SC-V2SE7PP-20260709-037,1012871023,V000005,"HUAYING (Beijing) International Shipping Agency Co.,ltd",7300064127,new,36254,U-EZHOLW0,2025.11.1,2026.12.31,,,,,60473000,,active,,
,SC-V2SE7PP-20260709-038,1012913993,V000006,CTS International Logistics Corporation Limited-Beijingbranch,7300064130,new,6150.6,U-EZHOLW0,,,,,,,60473000,,active,,
,SC-V2SE7PP-20260709-039,1013031414,V000012,"BeijingJinTianShunDaBusinessServiceCo.,Ltd",7300065467,new,1448754.5,U-EZHOLW0,2026.1.1,2027.12.31,,,,PO,60473000,,active,,
,SC-V2SE7PP-20260709-040,1013035374,V000002,BeijingCEFOC-CAREfacilitymanagementco.Ltd,7300065042,new,2489.3,U-FPBTMS5,2026-01-30 00:00:00,,,,,,60473000,,finished,,
,SC-V2SE7PP-20260709-041,1013035389,V000036,德迅（中国）货运代理有限公司,7300065021,new,71510,U-FPBTMS5,2026-01-15 00:00:00,2026-12-31 00:00:00,,,,,60473000,,finished,,
,SC-V2SE7PP-20260709-042,1013035439,V000012,"BeijingJinTianShunDaBusinessServiceCo.,Ltd",7300065725,call_off,1230142.41,U-FO5LZ6P,,2028-12-31 00:00:00,,,,PO under FC,60473000,,active,,
,SC-V2SE7PP-20260709-043,1013048380,V000042,"Capgemini(China) Co.,Ltd",7300065724,call_off,1851365.47,U-FPBTMS5,,,,,106,PO under FC,60473000,,active,,
,SC-V2SE7PP-20260709-044,1013051045,V000029,"Zynit China Co., Ltd",7300065370,call_off,5301104.44,U-FPBTMS5,2025-12-01 00:00:00,2026-12-31 00:00:00,,,,PO under FC,60473000,,active,,
,SC-V2SE7PP-20260709-045,1013077596,V000001,北京博广嘉业企业管理发展有限公司,7300065197,new,52004,U-FPBTMS5,2026-02-04 00:00:00,2026-12-31 00:00:00,,,126,PO,60473000,,active,,
,SC-V2SE7PP-20260709-046,1013116153,V000056,Segula Technologies Wuhan Co.Ltd,7300065799,call_off,1161496.98,U-FPBTMS5,2025-12-31 00:00:00,2028-12-31 00:00:00,,,,PO under FC,60473000,,active,,
,SC-V2SE7PP-20260709-047,1013125554,V000012,"BeijingJinTianShunDaBusinessServiceCo.,Ltd",7300065294,new,55915.56,U-FO5LZ6P,2026-04-23 00:00:00,2028-12-31 00:00:00,,,,,60473000,,finished,,
,SC-V2SE7PP-20260709-048,1013125703,V000005,"HUAYING (Beijing) International Shipping Agency Co.,ltd",7300066131,call_off,491440,U-EZHOLW0,2026.1.1,2028.12.31,,,,PO under FC,60473000,,active,,
,SC-V2SE7PP-20260709-049,1013130236,V000006,CTS International Logistics Corporation Limited-Beijingbranch,7300065365,new,65086.29,U-EZHOLW0,2026-03-10 00:00:00,,,,,,60473000,,finished,,
,SC-V2SE7PP-20260709-050,1013130300,V000012,"BeijingJinTianShunDaBusinessServiceCo.,Ltd",7300065492,call_off,223662.26,U-FO5LZ6P,,2028-12-31 00:00:00,,,,PO under FC,60473000,,active,,
,SC-V2SE7PP-20260709-051,1013190768,V000006,CTS International Logistics Corporation Limited-Beijingbranch,7300065332,new,8824.63,U-EZHOLW0,2026-03-10 00:00:00,,,,,,60473000,,finished,,
,SC-V2SE7PP-20260709-052,1013190772,V000019,ShanghaiZhongchengAutomotive,7300065481,new,496928,U-FO5LZ6P,2026-06-24 00:00:00,2027-02-04 00:00:00,,,,PO under FC,60473000,,finished,,
,SC-V2SE7PP-20260709-053,1013191292,V000012,"BeijingJinTianShunDaBusinessServiceCo.,Ltd",7300065383,call_off,27957.78,U-FO5LZ6P,,2028-12-31 00:00:00,,,,PO under FC,60473000,,active,,
,SC-V2SE7PP-20260709-055,1013209949,V000006,港中旅华贸国际物流股份有限公司北京分公司,7300065398,call_off,30000,U-UJWVFIH,2026-03-01 00:00:00,2027-09-30 00:00:00,,60 Days,104,PO under FC,60473000,"Song, Juan",active,,
,SC-V2SE7PP-20260709-056,1013232570,V000072,中外运－敦豪国际航空快件有限公司北京分公司,7300065448,new,12000,U-UJWVFIH,2026-03-17 00:00:00,2027-03-17 00:00:00,,monthly,105,PO,60473000,,active,,
,SC-V2SE7PP-20260709-057,1013249985,V000012,"BeijingJinTianShunDaBusinessServiceCo.,Ltd",7300065901,call_off,503240.08,U-FO5LZ6P,,2028-12-31 00:00:00,,,,PO under FC,60473000,,active,,
,SC-V2SE7PP-20260709-058,1013250014,V000012,"BeijingJinTianShunDaBusinessServiceCo.,Ltd",7300065797,call_off,475282.29,U-FO5LZ6P,,2028-12-31 00:00:00,,,,PO under FC,60473000,,active,,
,SC-V2SE7PP-20260709-059,1013250041,V000012,"BeijingJinTianShunDaBusinessServiceCo.,Ltd",7300065504,new,27957.78,U-FO5LZ6P,2026-04-23 00:00:00,2028-12-31 00:00:00,,,,,60473000,,finished,,
,SC-V2SE7PP-20260709-060,1011953039,V000040,北京华阳奥通汽车销售服务有限公司,7300058726,new,623982.28,U-UJWVFIH,2025-02-21 00:00:00,2026-02-21 00:00:00,,Quarterly,,,60473000,"Zhang, Te",finished,,
,SC-V2SE7PP-20260709-061,1011957179,V000054,北京中进锦旺汽车销售服务有限公司,7300058725,new,578063,U-UJWVFIH,2025-01-15 00:00:00,2026-01-15 00:00:00,,Quarterly,79,PO,60473000,"Zhang, Te",finished,,
,SC-V2SE7PP-20260709-062,1011982673,V000015,廊坊开发区欧特克精密电子线束制造有限公司,7300058724,new,495611,U-UJWVFIH,2025-01-01 00:00:00,2025-12-31 00:00:00,,Quarterly,82,PO,60473000,"Zhang, Te",finished,,
,SC-V2SE7PP-20260709-063,1013286042,V000019,ShanghaiZhongchengAutomotive,7300066019,call_off,1339522.64,U-FO5LZ6P,,2027-02-04 00:00:00,,,,PO under FC,60473000,,active,,
,SC-V2SE7PP-20260709-064,1013285962,V000055,"Porsche Engineering Co., Ltd.",7300065836,call_off,3097055,U-FPBTMS5,2025-12-31 00:00:00,2028-12-31 00:00:00,,,97,PO under FC,60473000,,active,,
,SC-V2SE7PP-20260709-066,1013289153,V000073,麦格纳斯太尔汽车技术（上海）有限公司,7300065843,new,62487,U-UJWVFIH,2026-04-10 00:00:00,2027-04-10 00:00:00,,one-time,,PO,60473000,,active,,
,SC-V2SE7PP-20260709-067,1013289174,V000031,"Beijing Jin Rui Chi  Car  Service Co.,Ltd",7300065794,new,44901.6,U-EZHOLW0,2026.1.1,2026.12.31,,,,PO,60473000,,active,,
,SC-V2SE7PP-20260709-068,1013338438,V000049,Vesmar (Beijing) Technical Consulting Co. Ltd,7300066006,new,1091.58,U-FPBTMS5,2026-04-29 00:00:00,2026-12-31 00:00:00,,,,,60473000,,finished,,
,SC-V2SE7PP-20260709-069,1013338465,V000004,"Beijing Motivation Infinity International Logistics Co.,Ltd",7300065986,new,73140,U-EZHOLW0,2026.1.1,2027.12.31,,,,,60473000,,active,,
,SC-V2SE7PP-20260709-070,1013331424,V000074,敦豪全球货运（中国）有限公司北京分公司,7300065987,new,30000,U-UJWVFIH,2026-04-24 00:00:00,2027-04-24 00:00:00,,one-time,114,PO,60473000,,active,,
,SC-V2SE7PP-20260709-071,1013054070,V000075,北京中进众旺汽车销售服务有限公司,7300065959,new,67150,U-UJWVFIH,2026-04-23 00:00:00,2027-04-23 00:00:00,,Quarterly,113,PO,60473000,"Zhang, Te",active,,
,SC-V2SE7PP-20260709-071,1013054070,V000075,北京中润发汽车销售服务有限公司,7300066020,new,168300,U-UJWVFIH,2026-05-07 00:00:00,2027-05-07 00:00:00,,Quarterly,115,PO,60473000,"Zhang, Te",active,,
,SC-V2SE7PP-20260709-071,1013054070,V000075,上海冠松华奥汽车销售服务有限公司,7300066322,new,117300,U-UJWVFIH,2026-07-02 00:00:00,2027-07-02 00:00:00,,Quarterly,120,PO,60473000,"Zhang, Te",active,,
,SC-V2SE7PP-20260709-072,1013217872,V000047,万向一二三股份公司,7300065958,new,1021075.15,U-UJWVFIH,2026-04-23 00:00:00,2028-04-23 00:00:00,,timely,116,Contract,60473000,"Yao, Ying",active,,
,SC-V2SE7PP-20260709-073,1013380743,V000056,Segula Technologies Wuhan Co.Ltd,7300066077,new,39919.6,U-FPBTMS5,2026-05-12 00:00:00,2026-12-31 00:00:00,,,,PO,60473000,,active,,
,SC-V2SE7PP-20260709-074,1013392943,V000033,北京英之杰天祥汽车技术服务有限公司,7300066132,new,1500,U-VLLPH0Z,2026-05-21 00:00:00,2026-07-31 00:00:00,,,133,PO,60473000,,active,,
,SC-V2SE7PP-20260709-075,1013392845,V000011,上海圆迈贸易有限公司,7300066134,new,19029.7,U-UJWVFIH,2026-05-21 00:00:00,2027-05-21 00:00:00,,one-time,118,PO,60473000,,active,,
,SC-V2SE7PP-20260709-077,1013392876,V000037,"COSCO SHIPPING AIR FREIGHT CO., LTD",7300066133,new,1749,U-FO5LZ6P,2026-01-01 00:00:00,2028-12-31 00:00:00,,,,PO,60473000,,active,,
,SC-V2SE7PP-20260709-079,1013430869,V000069,"Akkodis Beijing Co., Ltd.",7300066291,call_off,288320,U-FPBTMS5,2025-12-26 00:00:00,2028-12-31 00:00:00,,,,PO under FC,60473000,,active,,
,SC-V2SE7PP-20260709-080,1013437191,V000004,北京动力无限国际物流有限公司,7300066239,new,3604,U-VLLPH0Z,2026-06-09 00:00:00,2026-08-31 00:00:00,,,130,,60473000,,finished,,
,SC-V2SE7PP-20260709-081,1013444690,V000059,安波福电气系统有限公司长春分公司,7300066250,new,18887.5,U-UJWVFIH,2026-07-04 00:00:00,2027-07-04 00:00:00,,one-time,119,PO,60473000,,active,,
,SC-V2SE7PP-20260709-082,1013444692,V000071,北京泰隆俪印传媒文化有限公司,7300066249,new,2260,U-EZHOLW0,2026.6.1,2026.12.31,,,,,60473000,,active,,
,SC-V2SE7PP-20260709-083,1012000054,V000004,北京动力无限国际物流有限公司,7300058021,new,76956,U-VLLPH0Z,2024-12-04 00:00:00,2026-03-14 00:00:00,,Quarterly,127,,60473000,"Song, Juan",active,,
,SC-V2SE7PP-20260709-084,1013462886,V000064,卡迪斯物流设备（北京）有限公司,7300066345,new,41202,U-VLLPH0Z,2026-06-23 00:00:00,2027-06-23 00:00:00,,,134,PO,60473000,,active,,
,SC-V2SE7PP-20260709-085,1013476354,V000049,Vesmar (Beijing) Technical Consulting Co. Ltd,7300066347,new,75790,U-FPBTMS5,2026-06-25 00:00:00,2026-12-31 00:00:00,,,,PO,60473000,,active,,
,SC-V2SE7PP-20260709-087,1013480387,V000006,CTS International Logistics Corporation Limited-Beijingbranch,7300066348,new,8972.32,U-VLLPH0Z,,,,,,PO,60473000,,active,,
